lowcls-90,I,905.0, 959.02, 935.18, 934.04, 924.77, 932.6, 951.27, 944.92, 956.38, 918.07, 931.72, 943.09, 947.66, 970.81, 982.0
,ND,0.0, 0.072, 0.144, 0.216, 0.288, 0.36, 0.432, 0.504, 0.576, 0.648, 0.72, 0.792, 0.864, 0.936, 1.0
lowcls-93,I,999.0, 1007.69, 1005.41, 1013.11, 999.34, 994.96, 1000.79, 1018.96, 1039.0, 1061.8, 1075.94, 1059.51, 1048.76, 1046.86, 1033.96, 1038.28, 1045.61, 1067.73, 1056.39, 1019.18, 1018.57, 1047.01, 1026.04, 1019.0
,ND,0.0, 0.0452, 0.0904, 0.136, 0.181, 0.226, 0.271, 0.316, 0.361, 0.407, 0.452, 0.497, 0.542, 0.587, 0.632, 0.678, 0.723, 0.768, 0.813, 0.858, 0.904, 0.949, 0.994, 1.0
lowcls-23,I,1074.0, 1126.44, 1146.36, 1157.88, 1171.25, 1162.8, 1178.01, 1202.9, 1186.98, 1191.61, 1191.16, 1194.94, 1203.91, 1199.31, 1205.88, 1204.73, 1185.71, 1170.0
,ND,0.0, 0.0606, 0.121, 0.182, 0.243, 0.303, 0.364, 0.424, 0.485, 0.546, 0.606, 0.667, 0.728, 0.788, 0.849, 0.91, 0.97, 1.0
lowcls-5,I,1423.0, 1634.81, 1808.95, 1874.23, 1833.14, 1763.9, 1734.95, 1729.01, 1716.72, 1676.2, 1648.05, 1622.02, 1586.1, 1573.34, 1574.76, 1610.27, 1653.93, 1678.13, 1698.55, 1723.1, 1722.94, 1712.31, 1705.12, 1699.86, 1649.8, 1640.0
,ND,0.0, 0.0414, 0.0828, 0.124, 0.166, 0.207, 0.248, 0.29, 0.331, 0.372, 0.414, 0.455, 0.497, 0.538, 0.579, 0.621, 0.662, 0.703, 0.745, 0.786, 0.828, 0.869, 0.91, 0.952, 0.993, 1.0
lowcls-35,I,1273.0, 1335.47, 1383.78, 1416.0, 1397.85, 1423.57, 1461.07, 1477.58, 1468.14, 1437.09, 1389.52, 1378.69, 1369.73, 1334.42, 1277.81, 1242.21, 1196.41, 1116.29, 1021.6, 998.0
,ND,0.0, 0.0548, 0.11, 0.164, 0.219, 0.274, 0.329, 0.384, 0.438, 0.493, 0.548, 0.603, 0.658, 0.712, 0.767, 0.822, 0.877, 0.932, 0.986, 1.0
lowcls-32,I,1025.0, 1098.76, 1142.08, 1148.07, 1156.98, 1214.35, 1228.03, 1245.8, 1256.8, 1249.89, 1262.32, 1258.76, 1235.23, 1178.54, 1183.8, 1182.31, 1161.2, 1095.76, 1052.0
,ND,0.0, 0.0573, 0.115, 0.172, 0.229, 0.286, 0.344, 0.401, 0.458, 0.515, 0.573, 0.63, 0.687, 0.744, 0.802, 0.859, 0.916, 0.973, 1.0
lowcls-39,I,1086.0, 1176.24, 1268.31, 1355.16, 1403.91, 1492.99, 1497.03, 1519.88, 1526.96, 1504.77, 1472.0, 1442.28, 1438.6, 1424.16, 1414.89, 1351.03, 1391.5, 1425.74, 1450.11, 1449.85, 1422.02, 1422.0
,ND,0.0, 0.05, 0.1, 0.15, 0.2, 0.25, 0.3, 0.35, 0.4, 0.45, 0.5, 0.55, 0.6, 0.65, 0.7, 0.75, 0.8, 0.85, 0.9, 0.95, 1.0, 1.0
lowcls-7,I,1685.0, 1657.94, 1648.45, 1679.52, 1689.67, 1682.68, 1680.71, 1665.09, 1684.87, 1676.82, 1692.99, 1713.55, 1747.72, 1729.48, 1684.62, 1693.49, 1697.29, 1655.77, 1643.16, 1657.74, 1681.25, 1679.18, 1641.06, 1596.86, 1539.4, 1511.14, 1509.41, 1503.0
,ND,0.0, 0.0381, 0.0762, 0.114, 0.152, 0.19, 0.229, 0.267, 0.305, 0.343, 0.381, 0.419, 0.457, 0.495, 0.533, 0.571, 0.61, 0.648, 0.686, 0.724, 0.762, 0.8, 0.838, 0.876, 0.914, 0.952, 0.991, 1.0
lowcls-14,I,1598.0, 1680.16, 1687.0, 1616.22, 1564.92, 1583.82, 1597.59, 1646.28, 1657.83, 1667.96, 1693.05, 1706.33, 1725.89, 1722.27, 1692.24, 1708.07, 1713.11, 1718.85, 1690.76, 1620.71, 1585.55, 1579.39, 1619.83, 1635.12, 1564.96, 1546.0
,ND,0.0, 0.041, 0.0819, 0.123, 0.164, 0.205, 0.246, 0.287, 0.328, 0.369, 0.41, 0.451, 0.492, 0.533, 0.573, 0.614, 0.655, 0.696, 0.737, 0.778, 0.819, 0.86, 0.901, 0.942, 0.983, 1.0
lowcls-47,I,1292.0, 1408.58, 1463.83, 1492.9, 1514.91, 1521.58, 1554.01, 1547.61, 1530.89, 1583.79, 1579.47, 1604.09, 1656.37, 1709.42, 1679.95, 1669.54, 1707.33, 1759.59, 1727.0
,ND,0.0, 0.0562, 0.112, 0.168, 0.225, 0.281, 0.337, 0.393, 0.449, 0.505, 0.562, 0.618, 0.674, 0.73, 0.786, 0.842, 0.899, 0.955, 1.0
lowcls-13,I,1179.0, 1280.13, 1378.79, 1386.81, 1361.67, 1353.07, 1385.87, 1404.88, 1411.99, 1400.16, 1410.9, 1424.29, 1404.16, 1398.13, 1395.92, 1405.46, 1416.7, 1426.76, 1477.07, 1449.8, 1437.0
,ND,0.0, 0.0515, 0.103, 0.155, 0.206, 0.258, 0.309, 0.361, 0.412, 0.464, 0.515, 0.567, 0.618, 0.67, 0.721, 0.773, 0.824, 0.876, 0.927, 0.979, 1.0
lowcls-88,I,819.0, 831.92, 818.61, 807.53, 831.08, 863.85, 866.1, 862.51, 872.17, 865.13, 890.08, 895.84, 900.29, 889.43, 892.82, 897.18, 884.73, 863.13, 873.95, 904.12, 958.63, 1016.69, 1049.0
,ND,0.0, 0.0466, 0.0931, 0.14, 0.186, 0.233, 0.279, 0.326, 0.373, 0.419, 0.466, 0.512, 0.559, 0.605, 0.652, 0.699, 0.745, 0.792, 0.838, 0.885, 0.931, 0.978, 1.0
lowcls-80,I,1370.0, 1358.37, 1348.27, 1347.87, 1332.14, 1285.75, 1247.57, 1212.53, 1177.78, 1160.32, 1128.84, 1113.3, 1116.73, 1057.8, 1066.97, 1058.86, 1029.61, 1001.9, 995.0
,ND,0.0, 0.0573, 0.115, 0.172, 0.229, 0.286, 0.344, 0.401, 0.458, 0.515, 0.573, 0.63, 0.687, 0.744, 0.802, 0.859, 0.916, 0.973, 1.0
lowcls-98,I,1100.0, 1150.78, 1167.31, 1112.04, 1080.18, 1117.33, 1154.57, 1173.96, 1181.14, 1183.97, 1223.57, 1265.23, 1336.09, 1387.41, 1410.0
,ND,0.0, 0.0718, 0.144, 0.215, 0.287, 0.359, 0.431, 0.503, 0.574, 0.646, 0.718, 0.79, 0.862, 0.933, 1.0
lowcls-15,I,1264.0, 1428.81, 1519.63, 1578.03, 1585.3, 1587.19, 1599.04, 1602.69, 1617.54, 1615.3, 1618.6, 1609.08, 1586.75, 1551.9, 1535.5, 1533.97, 1526.25, 1533.94, 1517.5, 1443.08, 1437.0
,ND,0.0, 0.0523, 0.105, 0.157, 0.209, 0.262, 0.314, 0.366, 0.419, 0.471, 0.523, 0.576, 0.628, 0.68, 0.733, 0.785, 0.837, 0.89, 0.942, 0.995, 1.0
lowcls-10,I,1543.0, 1620.47, 1666.98, 1710.27, 1719.62, 1706.64, 1673.66, 1675.99, 1733.19, 1786.36, 1829.9, 1840.46, 1844.42, 1830.58, 1842.61, 1849.35, 1852.45, 1834.07, 1783.27, 1728.14, 1715.0
,ND,0.0, 0.0507, 0.101, 0.152, 0.203, 0.254, 0.304, 0.355, 0.406, 0.456, 0.507, 0.558, 0.608, 0.659, 0.71, 0.761, 0.811, 0.862, 0.913, 0.963, 1.0
lowcls-12,I,1625.0, 1658.76, 1679.7, 1696.89, 1664.98, 1651.76, 1672.57, 1698.63, 1707.83, 1701.65, 1671.06, 1653.29, 1679.79, 1643.87, 1633.39, 1610.74, 1608.28, 1617.62, 1542.94, 1506.0
,ND,0.0, 0.0542, 0.108, 0.163, 0.217, 0.271, 0.325, 0.38, 0.434, 0.488, 0.542, 0.597, 0.651, 0.705, 0.759, 0.813, 0.868, 0.922, 0.976, 1.0
lowcls-4,I,1289.0, 1407.01, 1512.01, 1547.74, 1565.71, 1567.21, 1581.11, 1586.15, 1593.61, 1598.3, 1615.88, 1635.79, 1648.76, 1643.01, 1646.39, 1680.85, 1696.79, 1617.81, 1608.0
,ND,0.0, 0.0585, 0.117, 0.176, 0.234, 0.293, 0.351, 0.41, 0.468, 0.527, 0.585, 0.644, 0.702, 0.761, 0.819, 0.878, 0.936, 0.995, 1.0
lowcls-79,I,747.0, 799.12, 819.75, 833.15, 891.2, 977.13, 1065.96, 1127.45, 1129.36, 1131.28, 1110.96, 1060.86, 1025.47, 1013.94, 1007.39, 1008.0
,ND,0.0, 0.0707, 0.141, 0.212, 0.283, 0.354, 0.424, 0.495, 0.566, 0.636, 0.707, 0.778, 0.849, 0.919, 0.99, 1.0
lowcls-53,I,1175.0, 1100.12, 1070.65, 1065.25, 1064.33, 1075.49, 1069.9, 1060.22, 1047.99, 1023.22, 1009.97, 1000.77, 967.04, 940.98, 933.3, 937.86, 913.98, 909.0
,ND,0.0, 0.0589, 0.118, 0.177, 0.236, 0.295, 0.354, 0.412, 0.471, 0.53, 0.589, 0.648, 0.707, 0.766, 0.825, 0.884, 0.943, 1.0
lowcls-49,I,1122.0, 1303.39, 1421.06, 1477.04, 1542.16, 1609.61, 1654.31, 1639.1, 1632.61, 1626.99, 1620.92, 1622.1, 1648.35, 1640.99, 1641.59, 1633.05, 1625.9, 1606.1, 1588.0
,ND,0.0, 0.0573, 0.115, 0.172, 0.229, 0.286, 0.344, 0.401, 0.458, 0.515, 0.573, 0.63, 0.687, 0.744, 0.802, 0.859, 0.916, 0.973, 1.0
lowcls-17,I,1115.0, 1190.66, 1255.86, 1284.34, 1292.48, 1355.71, 1357.2, 1351.97, 1329.79, 1335.77, 1329.17, 1331.13, 1327.06, 1339.56, 1355.12, 1328.25, 1316.98, 1362.27, 1377.61, 1362.84, 1339.26, 1319.14, 1289.56, 1314.62, 1354.98, 1367.72, 1302.36, 1284.0
,ND,0.0, 0.0381, 0.0762, 0.114, 0.152, 0.19, 0.229, 0.267, 0.305, 0.343, 0.381, 0.419, 0.457, 0.495, 0.533, 0.571, 0.61, 0.648, 0.686, 0.724, 0.762, 0.8, 0.838, 0.876, 0.914, 0.952, 0.991, 1.0
lowcls-11,I,1536.0, 1588.93, 1627.18, 1641.57, 1689.37, 1720.49, 1730.04, 1757.48, 1791.25, 1788.34, 1795.11, 1780.06, 1795.88, 1776.4, 1765.42, 1762.28, 1772.75, 1752.53, 1733.42, 1689.71, 1665.3, 1647.0
,ND,0.0, 0.0485, 0.097, 0.146, 0.194, 0.243, 0.291, 0.34, 0.388, 0.437, 0.485, 0.534, 0.582, 0.631, 0.679, 0.728, 0.776, 0.825, 0.873, 0.922, 0.97, 1.0
lowcls-96,I,1035.0, 1116.55, 1081.9, 1051.54, 1027.99, 1001.88, 967.25, 950.2, 947.68, 946.7, 927.89, 919.85, 913.52, 918.77, 926.39, 947.27, 930.26, 924.0
,ND,0.0, 0.0619, 0.124, 0.186, 0.248, 0.309, 0.371, 0.433, 0.495, 0.557, 0.619, 0.681, 0.743, 0.805, 0.867, 0.928, 0.99, 1.0
lowcls-1,I,1778.0, 1894.13, 1960.76, 1934.76, 1883.29, 1895.07, 1909.14, 1944.42, 1980.7, 2004.85, 1989.55, 1954.79, 1943.09, 1943.31, 1908.74, 1884.68, 1850.33, 1807.76, 1778.7, 1715.49, 1676.01, 1662.21, 1651.57, 1656.0
,ND,0.0, 0.0438, 0.0876, 0.131, 0.175, 0.219, 0.263, 0.307, 0.35, 0.394, 0.438, 0.482, 0.526, 0.57, 0.613, 0.657, 0.701, 0.745, 0.789, 0.832, 0.876, 0.92, 0.964, 1.0
lowcls-86,I,903.0, 902.9, 913.39, 918.17, 896.67, 905.81, 918.99, 934.99, 924.95, 947.33, 976.81, 965.1, 945.92, 955.98, 984.61, 981.34, 969.69, 1024.71, 1073.0
,ND,0.0, 0.0559, 0.112, 0.168, 0.224, 0.28, 0.335, 0.391, 0.447, 0.503, 0.559, 0.615, 0.671, 0.727, 0.783, 0.839, 0.894, 0.95, 1.0
lowcls-36,I,914.0, 1054.22, 1127.68, 1135.36, 1145.77, 1172.35, 1220.92, 1264.72, 1316.33, 1389.79, 1441.82, 1477.56, 1519.07, 1527.06, 1474.93, 1354.36, 1267.0
,ND,0.0, 0.0644, 0.129, 0.193, 0.258, 0.322, 0.386, 0.451, 0.515, 0.58, 0.644, 0.709, 0.773, 0.837, 0.902, 0.966, 1.0
lowcls-85,I,928.0, 1001.4, 1039.2, 1005.99, 951.89, 947.49, 979.02, 1032.57, 1048.29, 1023.36, 1016.6, 1022.97, 1034.19, 1037.21, 1055.78, 1049.87, 1022.0
,ND,0.0, 0.0644, 0.129, 0.193, 0.258, 0.322, 0.386, 0.451, 0.515, 0.58, 0.644, 0.709, 0.773, 0.837, 0.902, 0.966, 1.0
lowcls-78,I,747.0, 799.12, 819.75, 833.15, 891.2, 977.13, 1065.96, 1127.45, 1129.36, 1131.28, 1110.96, 1060.86, 1025.47, 1013.94, 1007.39, 1008.0
,ND,0.0, 0.0707, 0.141, 0.212, 0.283, 0.354, 0.424, 0.495, 0.566, 0.636, 0.707, 0.778, 0.849, 0.919, 0.99, 1.0
lowcls-95,I,809.0, 827.07, 842.29, 856.61, 897.17, 951.56, 985.72, 1011.19, 1029.03, 1057.79, 1081.52, 1132.93, 1163.2, 1159.82, 1159.46, 1133.0, 1086.16, 1027.34, 981.45, 945.0
,ND,0.0, 0.0532, 0.106, 0.16, 0.213, 0.266, 0.319, 0.373, 0.426, 0.479, 0.532, 0.585, 0.639, 0.692, 0.745, 0.798, 0.852, 0.905, 0.958, 1.0
lowcls-20,I,1474.0, 1557.0, 1600.0, 1621.0, 1618.0, 1623.0, 1626.0, 1600.0, 1587.0, 1606.0, 1611.0, 1543.0, 1549.0, 1566.0, 1561.0, 1550.0, 1433.0, 1433.0
,ND,0.0, 0.0625, 0.125, 0.188, 0.25, 0.312, 0.375, 0.438, 0.5, 0.562, 0.625, 0.688, 0.75, 0.812, 0.875, 0.938, 1.0, 1.0
lowcls-22,I,1570.0, 1590.93, 1597.38, 1634.77, 1700.9, 1746.48, 1801.82, 1846.24, 1861.68, 1801.15, 1751.85, 1731.0, 1748.46, 1744.71, 1762.89, 1769.3, 1753.15, 1744.9, 1759.65, 1715.79, 1699.35, 1684.56, 1712.15, 1721.83, 1771.86, 1777.56, 1778.0
,ND,0.0, 0.039, 0.0781, 0.117, 0.156, 0.195, 0.234, 0.273, 0.312, 0.351, 0.39, 0.429, 0.469, 0.508, 0.547, 0.586, 0.625, 0.664, 0.703, 0.742, 0.781, 0.82, 0.859, 0.898, 0.937, 0.976, 1.0
lowcls-89,I,925.0, 924.58, 897.14, 859.99, 829.57, 829.67, 830.12, 822.42, 829.68, 839.25, 839.61, 852.87, 881.96, 908.19, 937.09, 976.4, 1010.0
,ND,0.0, 0.0639, 0.128, 0.192, 0.256, 0.319, 0.383, 0.447, 0.511, 0.575, 0.639, 0.703, 0.767, 0.831, 0.894, 0.958, 1.0
lowcls-62,I,802.0, 805.78, 817.11, 837.64, 850.05, 840.81, 853.99, 863.69, 860.4, 858.74, 864.33, 885.49, 919.23, 918.28, 906.53, 898.34, 897.66, 921.91, 910.17, 897.64, 896.86, 908.32, 923.49, 934.0
,ND,0.0, 0.0445, 0.089, 0.133, 0.178, 0.222, 0.267, 0.311, 0.356, 0.4, 0.445, 0.489, 0.534, 0.578, 0.623, 0.667, 0.712, 0.756, 0.801, 0.845, 0.89, 0.934, 0.979, 1.0
lowcls-94,I,1073.0, 1265.51, 1316.24, 1280.63, 1255.26, 1260.0, 1259.78, 1229.73, 1195.58, 1132.47, 1086.51, 1074.99, 1087.34, 1066.27, 1002.88, 954.23, 961.94, 960.0
,ND,0.0, 0.0614, 0.123, 0.184, 0.246, 0.307, 0.369, 0.43, 0.491, 0.553, 0.614, 0.676, 0.737, 0.799, 0.86, 0.921, 0.983, 1.0
lowcls-28,I,1308.0, 1329.27, 1366.07, 1392.71, 1435.7, 1485.61, 1476.87, 1482.75, 1478.49, 1477.43, 1493.92, 1504.01, 1479.91, 1454.57, 1430.53, 1407.9, 1369.27, 1298.3, 1284.0
,ND,0.0, 0.0581, 0.116, 0.174, 0.232, 0.291, 0.349, 0.407, 0.465, 0.523, 0.581, 0.639, 0.697, 0.756, 0.814, 0.872, 0.93, 0.988, 1.0
lowcls-75,I,785.0, 798.95, 810.37, 803.83, 823.78, 839.71, 846.07, 875.41, 904.06, 930.16, 948.63, 924.49, 922.26, 926.92, 923.06, 912.78, 903.44, 913.94, 917.11, 946.57, 996.62, 1053.63, 1071.0
,ND,0.0, 0.0471, 0.0943, 0.141, 0.189, 0.236, 0.283, 0.33, 0.377, 0.424, 0.471, 0.519, 0.566, 0.613, 0.66, 0.707, 0.754, 0.801, 0.849, 0.896, 0.943, 0.99, 1.0
lowcls-55,I,930.0, 961.29, 981.38, 995.32, 1022.99, 1020.02, 1021.63, 1050.02, 1031.13, 1048.58, 1056.24, 1078.8, 1115.92, 1122.68, 1138.4, 1151.19, 1181.83, 1217.44, 1229.26, 1219.56, 1219.0
,ND,0.0, 0.0515, 0.103, 0.155, 0.206, 0.258, 0.309, 0.361, 0.412, 0.464, 0.515, 0.567, 0.618, 0.67, 0.721, 0.773, 0.824, 0.876, 0.927, 0.979, 1.0
lowcls-99,I,982.0, 996.78, 1023.37, 1060.49, 1095.84, 1096.25, 1067.88, 1061.86, 1065.55, 1067.1, 1068.44, 1092.42, 1154.11, 1178.34, 1173.0
,ND,0.0, 0.0745, 0.149, 0.224, 0.298, 0.373, 0.447, 0.522, 0.596, 0.671, 0.745, 0.82, 0.894, 0.969, 1.0
lowcls-50,I,1370.0, 1484.72, 1529.48, 1537.9, 1596.36, 1684.9, 1737.67, 1764.17, 1840.45, 1901.93, 1927.75, 1987.8, 2053.91, 2090.55, 2116.17, 2152.68, 2175.93, 2166.95, 2114.55, 2090.0
,ND,0.0, 0.0538, 0.108, 0.161, 0.215, 0.269, 0.323, 0.376, 0.43, 0.484, 0.538, 0.591, 0.645, 0.699, 0.753, 0.806, 0.86, 0.914, 0.968, 1.0
lowcls-46,I,1104.0, 1144.41, 1162.82, 1133.99, 1135.42, 1141.08, 1135.7, 1127.2, 1135.77, 1156.03, 1171.33, 1199.57, 1180.65, 1125.42, 1106.24, 1098.83, 1153.14, 1157.21, 1131.71, 1108.0
,ND,0.0, 0.0544, 0.109, 0.163, 0.218, 0.272, 0.326, 0.381, 0.435, 0.49, 0.544, 0.598, 0.653, 0.707, 0.761, 0.816, 0.87, 0.925, 0.979, 1.0
lowcls-45,I,1133.0, 1207.1, 1214.88, 1206.01, 1222.45, 1239.36, 1288.51, 1347.84, 1368.75, 1344.6, 1321.08, 1335.11, 1332.71, 1348.49, 1363.93, 1358.58, 1355.0
,ND,0.0, 0.0657, 0.131, 0.197, 0.263, 0.328, 0.394, 0.46, 0.525, 0.591, 0.657, 0.722, 0.788, 0.853, 0.919, 0.985, 1.0
lowcls-81,I,1187.0, 1216.64, 1212.87, 1178.64, 1142.38, 1105.69, 1087.25, 1065.37, 1061.69, 1029.1, 1034.98, 1035.06, 1009.01, 987.55, 976.83, 977.73, 992.29, 1019.44, 1061.0
,ND,0.0, 0.0565, 0.113, 0.17, 0.226, 0.283, 0.339, 0.396, 0.452, 0.509, 0.565, 0.622, 0.678, 0.735, 0.791, 0.848, 0.904, 0.961, 1.0
lowcls-37,I,1016.0, 1103.1, 1143.1, 1135.5, 1137.02, 1177.76, 1208.9, 1179.13, 1147.73, 1128.32, 1163.83, 1192.49, 1178.62, 1141.48, 1123.16, 1121.37, 1099.32, 1053.54, 1023.88, 1002.58, 1019.65, 1034.23, 1037.0
,ND,0.0, 0.0466, 0.0931, 0.14, 0.186, 0.233, 0.279, 0.326, 0.373, 0.419, 0.466, 0.512, 0.559, 0.605, 0.652, 0.699, 0.745, 0.792, 0.838, 0.885, 0.931, 0.978, 1.0
lowcls-48,I,1632.0, 1578.27, 1550.36, 1578.15, 1615.06, 1617.12, 1641.58, 1699.34, 1728.57, 1746.49, 1786.8, 1854.31, 1850.87, 1831.21, 1861.15, 1890.56, 1886.0
,ND,0.0, 0.0655, 0.131, 0.197, 0.262, 0.328, 0.393, 0.459, 0.524, 0.59, 0.655, 0.721, 0.786, 0.852, 0.917, 0.983, 1.0
lowcls-9,I,1284.0, 1409.16, 1502.19, 1567.18, 1609.39, 1612.56, 1567.59, 1563.02, 1569.66, 1567.98, 1575.05, 1577.05, 1603.5, 1649.36, 1657.44, 1658.27, 1653.53, 1627.01, 1612.07, 1592.68, 1598.35, 1614.0
,ND,0.0, 0.0485, 0.097, 0.146, 0.194, 0.243, 0.291, 0.34, 0.388, 0.437, 0.485, 0.534, 0.582, 0.631, 0.679, 0.728, 0.776, 0.825, 0.873, 0.922, 0.97, 1.0
lowcls-104,I,1161.0, 1213.39, 1234.91, 1295.12, 1348.43, 1327.23, 1277.87, 1232.57, 1192.55, 1167.04, 1149.16, 1174.79, 1165.15, 1150.31, 1150.0
,ND,0.0, 0.0745, 0.149, 0.224, 0.298, 0.373, 0.447, 0.522, 0.596, 0.671, 0.745, 0.82, 0.894, 0.969, 1.0
lowcls-52,I,901.0, 926.6, 905.3, 907.94, 904.72, 927.33, 948.63, 967.02, 992.61, 1017.67, 1041.59, 1059.2, 1070.45, 1072.13, 1067.27, 1069.91, 1054.83, 1051.0
,ND,0.0, 0.0597, 0.119, 0.179, 0.239, 0.298, 0.358, 0.418, 0.477, 0.537, 0.597, 0.656, 0.716, 0.776, 0.835, 0.895, 0.954, 1.0
lowcls-76,I,952.0, 957.18, 925.22, 894.9, 889.86, 914.93, 925.11, 928.81, 935.39, 939.94, 963.94, 1004.7, 1041.76, 1104.57, 1099.98, 1096.0
,ND,0.0, 0.0698, 0.14, 0.21, 0.279, 0.349, 0.419, 0.489, 0.559, 0.629, 0.698, 0.768, 0.838, 0.908, 0.978, 1.0
lowcls-92,I,921.0, 946.98, 930.57, 921.03, 910.68, 932.58, 945.94, 941.18, 929.6, 923.09, 935.79, 932.57, 923.82, 924.73, 911.35, 903.49, 901.78, 899.36, 901.37, 903.0
,ND,0.0, 0.0535, 0.107, 0.161, 0.214, 0.268, 0.321, 0.375, 0.428, 0.482, 0.535, 0.589, 0.642, 0.696, 0.749, 0.803, 0.856, 0.91, 0.964, 1.0
lowcls-69,I,870.0, 941.13, 1003.83, 1032.19, 1022.3, 994.25, 951.6, 944.72, 937.33, 974.36, 1008.41, 1023.14, 1022.41, 982.94, 963.11, 966.02, 961.44, 962.87, 941.09, 900.17, 841.0
,ND,0.0, 0.0504, 0.101, 0.151, 0.202, 0.252, 0.302, 0.353, 0.403, 0.453, 0.504, 0.554, 0.605, 0.655, 0.705, 0.756, 0.806, 0.856, 0.907, 0.957, 1.0
lowcls-61,I,1114.0, 1199.13, 1150.89, 1065.52, 1021.18, 1016.88, 999.99, 976.5, 976.62, 973.54, 963.88, 954.82, 953.03, 958.2, 957.38, 963.01, 1001.51, 1064.15, 1118.15, 1128.0
,ND,0.0, 0.0538, 0.108, 0.161, 0.215, 0.269, 0.323, 0.376, 0.43, 0.484, 0.538, 0.591, 0.645, 0.699, 0.753, 0.806, 0.86, 0.914, 0.968, 1.0
lowcls-44,I,1116.0, 1202.16, 1238.3, 1273.21, 1314.38, 1345.06, 1362.2, 1357.02, 1366.68, 1379.22, 1372.8, 1343.99, 1323.22, 1274.7, 1240.8, 1238.49, 1222.94, 1287.97, 1421.06, 1476.0
,ND,0.0, 0.0544, 0.109, 0.163, 0.218, 0.272, 0.326, 0.381, 0.435, 0.49, 0.544, 0.598, 0.653, 0.707, 0.761, 0.816, 0.87, 0.925, 0.979, 1.0
lowcls-19,I,1186.0, 1246.4, 1275.51, 1233.53, 1256.09, 1217.81, 1179.12, 1212.18, 1223.97, 1216.7, 1226.89, 1205.81, 1196.42, 1202.5, 1195.02, 1213.35, 1209.93, 1217.36, 1188.26, 1131.82, 1094.02, 1088.0
,ND,0.0, 0.0494, 0.0989, 0.148, 0.198, 0.247, 0.297, 0.346, 0.396, 0.445, 0.494, 0.544, 0.593, 0.643, 0.692, 0.742, 0.791, 0.841, 0.89, 0.939, 0.989, 1.0
lowcls-66,I,854.0, 933.32, 991.69, 986.24, 989.61, 997.46, 1011.4, 986.62, 968.26, 978.44, 958.06, 900.13, 881.08, 906.79, 936.82, 971.35, 1009.24, 1034.0
,ND,0.0, 0.0601, 0.12, 0.18, 0.24, 0.3, 0.361, 0.421, 0.481, 0.541, 0.601, 0.661, 0.721, 0.781, 0.841, 0.901, 0.961, 1.0
lowcls-59,I,890.0, 900.97, 908.73, 907.58, 907.86, 934.65, 966.25, 972.0, 964.17, 924.42, 935.7, 940.29, 974.7, 1008.17, 1050.58, 1053.12, 1040.5, 1015.49, 985.23, 947.78, 932.64, 917.2, 911.3, 906.0
,ND,0.0, 0.0447, 0.0894, 0.134, 0.179, 0.224, 0.268, 0.313, 0.358, 0.402, 0.447, 0.492, 0.537, 0.581, 0.626, 0.671, 0.716, 0.76, 0.805, 0.85, 0.894, 0.939, 0.984, 1.0
lowcls-26,I,1443.0, 1508.01, 1534.68, 1541.9, 1564.44, 1619.42, 1595.78, 1613.79, 1639.64, 1670.01, 1647.39, 1669.08, 1702.26, 1690.39, 1613.99, 1546.06, 1513.69, 1446.99, 1445.0
,ND,0.0, 0.0587, 0.117, 0.176, 0.235, 0.294, 0.352, 0.411, 0.47, 0.528, 0.587, 0.646, 0.705, 0.763, 0.822, 0.881, 0.94, 0.998, 1.0
lowcls-100,I,1011.0, 1019.43, 1020.63, 978.72, 972.75, 983.4, 1009.84, 1023.3, 1014.67, 1013.2, 1020.71, 1031.89, 1048.02, 1063.34, 1082.82, 1094.0
,ND,0.0, 0.0673, 0.135, 0.202, 0.269, 0.336, 0.404, 0.471, 0.538, 0.605, 0.673, 0.74, 0.807, 0.874, 0.942, 1.0
lowcls-40,I,1459.0, 1397.27, 1369.54, 1328.7, 1290.68, 1260.39, 1221.17, 1209.5, 1200.39, 1186.51, 1184.48, 1173.42, 1163.06, 1194.06, 1186.62, 1193.14, 1177.5, 1187.13, 1200.62, 1201.61, 1198.98, 1186.78, 1165.0
,ND,0.0, 0.0464, 0.0928, 0.139, 0.186, 0.232, 0.279, 0.325, 0.371, 0.418, 0.464, 0.511, 0.557, 0.604, 0.65, 0.696, 0.743, 0.789, 0.836, 0.882, 0.928, 0.975, 1.0
lowcls-42,I,1056.0, 1118.15, 1156.84, 1209.28, 1264.82, 1299.77, 1322.89, 1323.34, 1373.71, 1376.29, 1347.35, 1325.77, 1336.4, 1337.76, 1342.41, 1358.0, 1334.69, 1293.87, 1241.73, 1206.4, 1181.12, 1129.16, 1081.83, 1054.0
,ND,0.0, 0.0438, 0.0876, 0.131, 0.175, 0.219, 0.263, 0.307, 0.35, 0.394, 0.438, 0.482, 0.526, 0.57, 0.613, 0.657, 0.701, 0.745, 0.789, 0.832, 0.876, 0.92, 0.964, 1.0
lowcls-60,I,988.0, 1088.73, 1094.48, 1147.8, 1176.46, 1225.7, 1248.82, 1252.08, 1206.86, 1217.12, 1217.01, 1179.74, 1199.52, 1156.84, 1170.63, 1165.91, 1107.39, 1084.63, 1045.16, 1022.84, 1025.85, 1026.0
,ND,0.0, 0.0499, 0.0999, 0.15, 0.2, 0.25, 0.3, 0.35, 0.4, 0.449, 0.499, 0.549, 0.599, 0.649, 0.699, 0.749, 0.799, 0.849, 0.899, 0.949, 0.999, 1.0
lowcls-101,I,875.0, 894.08, 886.12, 901.14, 944.74, 972.04, 1009.41, 1027.59, 1036.08, 1015.33, 1022.13, 1032.67, 1077.44, 1058.78, 1061.93, 1071.15, 1054.26, 1034.0
,ND,0.0, 0.0604, 0.121, 0.181, 0.242, 0.302, 0.362, 0.423, 0.483, 0.544, 0.604, 0.665, 0.725, 0.785, 0.846, 0.906, 0.967, 1.0
lowcls-31,I,944.0, 1104.34, 1172.55, 1165.39, 1159.01, 1188.58, 1207.48, 1167.93, 1110.89, 1078.11, 1082.69, 1080.73, 1054.09, 1027.68, 1005.63, 1017.03, 1003.0
,ND,0.0, 0.064, 0.128, 0.192, 0.256, 0.32, 0.384, 0.448, 0.512, 0.576, 0.64, 0.704, 0.768, 0.832, 0.896, 0.96, 1.0
lowcls-63,I,963.0, 1004.64, 988.22, 944.14, 923.46, 926.3, 931.07, 952.98, 956.53, 1025.99, 1012.16, 1018.9, 980.73, 940.79, 890.66, 889.59, 880.27, 935.43, 1026.88, 1116.14, 1185.88, 1084.23, 951.02, 948.0
,ND,0.0, 0.0454, 0.0908, 0.136, 0.182, 0.227, 0.272, 0.318, 0.363, 0.409, 0.454, 0.499, 0.545, 0.59, 0.636, 0.681, 0.727, 0.772, 0.817, 0.863, 0.908, 0.954, 0.999, 1.0
lowcls-54,I,1045.0, 1085.51, 1096.43, 1061.0, 1042.09, 1026.32, 1052.51, 1043.5, 1023.27, 998.33, 988.68, 964.57, 971.23, 967.48, 1010.7, 998.37, 974.01, 914.71, 913.0
,ND,0.0, 0.0587, 0.117, 0.176, 0.235, 0.294, 0.352, 0.411, 0.47, 0.528, 0.587, 0.646, 0.705, 0.763, 0.822, 0.881, 0.94, 0.998, 1.0
lowcls-103,I,1037.0, 1019.53, 1010.39, 1009.46, 1014.12, 1041.17, 1064.85, 1051.69, 1020.61, 1014.99, 999.76, 1002.35, 1011.02, 992.64, 953.14, 922.65, 897.16, 873.02, 844.0
,ND,0.0, 0.0559, 0.112, 0.168, 0.224, 0.28, 0.335, 0.391, 0.447, 0.503, 0.559, 0.615, 0.671, 0.727, 0.783, 0.839, 0.894, 0.95, 1.0
lowcls-25,I,1412.0, 1589.0, 1669.0, 1643.0, 1600.0, 1638.0, 1656.0, 1619.0, 1663.0, 1663.0, 1709.0, 1713.0, 1743.0, 1728.0, 1732.0, 1693.0, 1591.0, 1591.0
,ND,0.0, 0.0625, 0.125, 0.188, 0.25, 0.312, 0.375, 0.438, 0.5, 0.562, 0.625, 0.688, 0.75, 0.812, 0.875, 0.938, 1.0, 1.0
lowcls-3,I,1523.0, 1606.51, 1657.37, 1695.37, 1713.93, 1732.84, 1731.79, 1741.27, 1738.2, 1762.28, 1759.21, 1749.94, 1760.82, 1775.52, 1789.61, 1795.49, 1800.53, 1827.68, 1881.63, 1918.3, 1917.11, 1891.69, 1886.31, 1862.91, 1844.35, 1850.95, 1835.22, 1814.0
,ND,0.0, 0.0378, 0.0755, 0.113, 0.151, 0.189, 0.227, 0.264, 0.302, 0.34, 0.378, 0.415, 0.453, 0.491, 0.529, 0.567, 0.604, 0.642, 0.68, 0.718, 0.755, 0.793, 0.831, 0.869, 0.906, 0.944, 0.982, 1.0
lowcls-83,I,863.0, 1003.0, 1008.0, 957.0, 856.0, 858.0, 863.0, 870.0, 851.0, 864.0, 850.0, 830.0, 881.0, 895.0, 870.0, 846.0, 797.0, 797.0
,ND,0.0, 0.0625, 0.125, 0.188, 0.25, 0.312, 0.375, 0.438, 0.5, 0.562, 0.625, 0.688, 0.75, 0.812, 0.875, 0.938, 1.0, 1.0
lowcls-43,I,1109.0, 1200.27, 1175.75, 1151.21, 1195.97, 1225.14, 1256.66, 1281.93, 1291.46, 1331.31, 1360.51, 1385.2, 1378.6, 1402.9, 1410.66, 1407.64, 1395.01, 1366.66, 1356.17, 1348.32, 1343.0
,ND,0.0, 0.0509, 0.102, 0.153, 0.204, 0.254, 0.305, 0.356, 0.407, 0.458, 0.509, 0.56, 0.611, 0.662, 0.713, 0.763, 0.814, 0.865, 0.916, 0.967, 1.0
lowcls-21,I,1457.0, 1529.82, 1576.63, 1615.93, 1663.65, 1697.87, 1705.42, 1709.83, 1724.99, 1732.23, 1732.98, 1719.31, 1723.29, 1673.23, 1709.45, 1688.91, 1648.82, 1619.03, 1531.08, 1489.0
,ND,0.0, 0.0544, 0.109, 0.163, 0.218, 0.272, 0.326, 0.381, 0.435, 0.49, 0.544, 0.598, 0.653, 0.707, 0.761, 0.816, 0.87, 0.925, 0.979, 1.0
lowcls-74,I,1028.0, 1018.15, 1013.35, 1016.18, 1011.68, 1002.09, 974.45, 962.83, 977.85, 973.18, 963.47, 946.39, 955.23, 956.94, 955.53, 961.2, 968.94, 994.08, 972.78, 959.9, 962.0
,ND,0.0, 0.0515, 0.103, 0.155, 0.206, 0.258, 0.309, 0.361, 0.412, 0.464, 0.515, 0.567, 0.618, 0.67, 0.721, 0.773, 0.824, 0.876, 0.927, 0.979, 1.0
lowcls-56,I,1372.0, 1395.6, 1338.46, 1243.79, 1155.72, 1106.63, 1090.02, 1071.53, 1051.34, 1052.53, 1047.24, 1082.97, 1084.18, 1075.29, 1047.25, 1047.97, 1023.25, 1011.0
,ND,0.0, 0.0589, 0.118, 0.177, 0.236, 0.295, 0.354, 0.412, 0.471, 0.53, 0.589, 0.648, 0.707, 0.766, 0.825, 0.884, 0.943, 1.0
lowcls-58,I,989.0, 1004.4, 984.7, 992.78, 993.93, 980.95, 990.73, 997.83, 982.52, 979.54, 988.68, 991.66, 1019.09, 1050.47, 1064.18, 1049.53, 1026.51, 1027.23, 1074.22, 1127.85, 1169.54, 1203.65, 1229.43, 1291.98, 1332.3, 1328.07, 1271.0
,ND,0.0, 0.0387, 0.0775, 0.116, 0.155, 0.194, 0.232, 0.271, 0.31, 0.349, 0.387, 0.426, 0.465, 0.504, 0.542, 0.581, 0.62, 0.659, 0.697, 0.736, 0.775, 0.814, 0.852, 0.891, 0.93, 0.969, 1.0
lowcls-38,I,977.0, 1040.88, 1054.58, 1066.11, 1115.52, 1184.85, 1238.78, 1267.43, 1304.69, 1348.84, 1363.1, 1347.92, 1380.52, 1368.37, 1380.83, 1391.77, 1360.07, 1347.37, 1300.05, 1227.37, 1177.87, 1129.2, 1128.0
,ND,0.0, 0.0476, 0.0951, 0.143, 0.19, 0.238, 0.285, 0.333, 0.381, 0.428, 0.476, 0.523, 0.571, 0.618, 0.666, 0.713, 0.761, 0.809, 0.856, 0.904, 0.951, 0.999, 1.0
lowcls-87,I,946.0, 1003.41, 981.85, 952.37, 934.66, 931.79, 924.4, 918.6, 915.9, 921.62, 955.23, 982.39, 997.64, 1032.05, 1034.0
,ND,0.0, 0.0718, 0.144, 0.215, 0.287, 0.359, 0.431, 0.503, 0.574, 0.646, 0.718, 0.79, 0.862, 0.933, 1.0
lowcls-102,I,1001.0, 1162.44, 1171.16, 1036.39, 953.98, 983.73, 1089.96, 1154.96, 1183.9, 1149.33, 1039.33, 948.19, 885.51, 818.73, 789.46, 774.53, 795.89, 811.45, 800.22, 724.94, 716.0
,ND,0.0, 0.0523, 0.105, 0.157, 0.209, 0.262, 0.314, 0.366, 0.419, 0.471, 0.523, 0.576, 0.628, 0.68, 0.733, 0.785, 0.837, 0.89, 0.942, 0.995, 1.0
lowcls-30,I,1540.0, 1571.25, 1611.04, 1665.61, 1732.63, 1769.21, 1774.31, 1788.98, 1806.94, 1816.73, 1809.78, 1781.73, 1726.43, 1663.39, 1587.74, 1549.4, 1516.34, 1482.07, 1479.0
,ND,0.0, 0.0585, 0.117, 0.176, 0.234, 0.293, 0.351, 0.41, 0.468, 0.527, 0.585, 0.644, 0.702, 0.761, 0.819, 0.878, 0.936, 0.995, 1.0
lowcls-27,I,1055.0, 1096.06, 1171.31, 1209.3, 1257.69, 1286.97, 1355.71, 1385.96, 1389.66, 1412.84, 1431.24, 1442.24, 1468.79, 1507.84, 1497.07, 1506.16, 1532.49, 1503.17, 1506.29, 1464.1, 1478.26, 1487.0
,ND,0.0, 0.0494, 0.0989, 0.148, 0.198, 0.247, 0.297, 0.346, 0.396, 0.445, 0.494, 0.544, 0.593, 0.643, 0.692, 0.742, 0.791, 0.841, 0.89, 0.939, 0.989, 1.0
lowcls-16,I,1188.0, 1208.36, 1208.28, 1212.98, 1208.34, 1196.78, 1207.25, 1218.51, 1210.79, 1198.83, 1204.37, 1220.68, 1230.77, 1238.61, 1239.67, 1228.4, 1232.33, 1217.96, 1214.3, 1216.74, 1187.18, 1171.58, 1164.47, 1156.29, 1157.0
,ND,0.0, 0.0428, 0.0857, 0.129, 0.171, 0.214, 0.257, 0.3, 0.343, 0.386, 0.428, 0.471, 0.514, 0.557, 0.6, 0.643, 0.685, 0.728, 0.771, 0.814, 0.857, 0.9, 0.942, 0.985, 1.0
lowcls-97,I,964.0, 1062.13, 1103.33, 1118.25, 1084.77, 1058.2, 1058.6, 1060.08, 1058.26, 1037.2, 1026.09, 1038.56, 1062.83, 1080.69, 1078.25, 1072.0
,ND,0.0, 0.0677, 0.135, 0.203, 0.271, 0.339, 0.406, 0.474, 0.542, 0.61, 0.677, 0.745, 0.813, 0.88, 0.948, 1.0
lowcls-67,I,1109.0, 1080.16, 1030.03, 965.78, 963.1, 948.05, 922.25, 922.86, 933.17, 934.52, 916.57, 911.78, 938.6, 969.84, 963.58, 928.93, 917.0
,ND,0.0, 0.0654, 0.131, 0.196, 0.261, 0.327, 0.392, 0.458, 0.523, 0.588, 0.654, 0.719, 0.784, 0.85, 0.915, 0.981, 1.0
lowcls-57,I,1104.0, 1465.29, 1709.71, 1676.01, 1458.47, 1230.27, 1197.33, 1234.55, 1244.79, 1199.65, 1153.88, 1102.16, 1074.54, 1062.41, 1070.49, 1092.88, 1111.89, 1149.25, 1197.09, 1236.66, 1237.68, 1235.36, 1200.77, 1185.0
,ND,0.0, 0.0447, 0.0894, 0.134, 0.179, 0.224, 0.268, 0.313, 0.358, 0.402, 0.447, 0.492, 0.537, 0.581, 0.626, 0.671, 0.716, 0.76, 0.805, 0.85, 0.894, 0.939, 0.984, 1.0
lowcls-51,I,1193.0, 1171.17, 1166.02, 1211.38, 1287.38, 1352.79, 1403.2, 1456.21, 1491.54, 1546.08, 1522.88, 1488.63, 1427.55, 1421.03, 1413.71, 1391.03, 1372.18, 1342.18, 1326.62, 1365.0, 1400.55, 1393.23, 1310.77, 1235.0
,ND,0.0, 0.0443, 0.0886, 0.133, 0.177, 0.222, 0.266, 0.31, 0.355, 0.399, 0.443, 0.488, 0.532, 0.576, 0.621, 0.665, 0.709, 0.754, 0.798, 0.842, 0.886, 0.931, 0.975, 1.0
lowcls-91,I,843.0, 848.49, 838.19, 841.91, 847.78, 887.44, 958.77, 1030.26, 1029.19, 966.16, 969.19, 999.79, 1000.93, 994.59, 1011.92, 1022.46, 1001.74, 977.26, 972.12, 981.28, 986.0
,ND,0.0, 0.0515, 0.103, 0.155, 0.206, 0.258, 0.309, 0.361, 0.412, 0.464, 0.515, 0.567, 0.618, 0.67, 0.721, 0.773, 0.824, 0.876, 0.927, 0.979, 1.0
lowcls-18,I,1339.0, 1335.05, 1287.98, 1253.18, 1297.39, 1304.3, 1279.56, 1308.88, 1301.54, 1291.86, 1276.6, 1248.24, 1250.79, 1263.0, 1270.66, 1295.21, 1296.23, 1304.06, 1280.69, 1266.09, 1287.26, 1288.0
,ND,0.0, 0.0487, 0.0975, 0.146, 0.195, 0.244, 0.292, 0.341, 0.39, 0.439, 0.487, 0.536, 0.585, 0.634, 0.682, 0.731, 0.78, 0.829, 0.877, 0.926, 0.975, 1.0
lowcls-33,I,949.0, 988.34, 1002.52, 1039.4, 1067.61, 1101.92, 1122.89, 1136.35, 1154.22, 1136.22, 1110.06, 1081.58, 1064.86, 997.86, 958.82, 935.09, 920.58, 872.83, 853.0
,ND,0.0, 0.0573, 0.115, 0.172, 0.229, 0.286, 0.344, 0.401, 0.458, 0.515, 0.573, 0.63, 0.687, 0.744, 0.802, 0.859, 0.916, 0.973, 1.0
lowcls-71,I,815.0, 792.1, 768.43, 752.4, 757.38, 756.82, 772.87, 763.62, 754.51, 766.24, 782.02, 784.21, 778.55, 787.78, 789.93, 779.78, 745.14, 742.53, 740.91, 747.48, 778.94, 821.74, 813.55, 812.0
,ND,0.0, 0.045, 0.0901, 0.135, 0.18, 0.225, 0.27, 0.315, 0.36, 0.405, 0.45, 0.495, 0.54, 0.585, 0.631, 0.676, 0.721, 0.766, 0.811, 0.856, 0.901, 0.946, 0.991, 1.0
lowcls-68,I,1138.0, 1154.5, 1113.48, 1041.73, 984.6, 951.87, 938.49, 928.42, 936.78, 945.33, 940.99, 936.22, 935.15, 935.75, 936.95, 919.74, 896.52, 902.65, 920.55, 949.92, 959.0
,ND,0.0, 0.0509, 0.102, 0.153, 0.204, 0.254, 0.305, 0.356, 0.407, 0.458, 0.509, 0.56, 0.611, 0.662, 0.713, 0.763, 0.814, 0.865, 0.916, 0.967, 1.0
lowcls-8,I,1665.0, 1723.61, 1717.83, 1664.32, 1636.56, 1630.84, 1659.98, 1669.52, 1636.8, 1599.02, 1583.97, 1614.0, 1618.11, 1635.82, 1593.68, 1501.73, 1481.0
,ND,0.0, 0.0657, 0.131, 0.197, 0.263, 0.328, 0.394, 0.46, 0.525, 0.591, 0.657, 0.722, 0.788, 0.853, 0.919, 0.985, 1.0
lowcls-29,I,1444.0, 1476.41, 1484.48, 1535.72, 1550.72, 1539.32, 1523.73, 1505.63, 1481.04, 1487.12, 1472.19, 1444.36, 1427.62, 1456.08, 1444.26, 1423.37, 1415.37, 1406.54, 1367.13, 1395.52, 1372.61, 1372.0
,ND,0.0, 0.0499, 0.0999, 0.15, 0.2, 0.25, 0.3, 0.35, 0.4, 0.449, 0.499, 0.549, 0.599, 0.649, 0.699, 0.749, 0.799, 0.849, 0.899, 0.949, 0.999, 1.0
lowcls-70,I,1018.0, 1030.71, 978.56, 955.54, 972.32, 970.68, 938.23, 923.35, 911.52, 894.91, 889.8, 888.3, 911.77, 939.47, 966.33, 1004.62, 1006.0
,ND,0.0, 0.0665, 0.133, 0.2, 0.266, 0.333, 0.399, 0.466, 0.532, 0.599, 0.665, 0.732, 0.798, 0.865, 0.931, 0.998, 1.0
lowcls-64,I,828.0, 883.74, 892.13, 897.79, 883.9, 903.28, 919.64, 917.35, 945.78, 968.02, 973.56, 929.41, 886.72, 878.3, 868.88, 874.15, 845.96, 840.0
,ND,0.0, 0.062, 0.124, 0.186, 0.248, 0.31, 0.372, 0.434, 0.496, 0.558, 0.62, 0.682, 0.744, 0.806, 0.868, 0.93, 0.992, 1.0
lowcls-72,I,679.0, 729.1, 777.72, 784.26, 785.2, 794.22, 807.48, 808.32, 815.0, 815.69, 814.31, 818.98, 835.56, 840.66, 856.9, 862.67, 847.17, 782.3, 780.0
,ND,0.0, 0.0587, 0.117, 0.176, 0.235, 0.294, 0.352, 0.411, 0.47, 0.528, 0.587, 0.646, 0.705, 0.763, 0.822, 0.881, 0.94, 0.998, 1.0
lowcls-24,I,1653.0, 1743.88, 1758.62, 1740.31, 1734.9, 1726.5, 1736.97, 1750.55, 1706.12, 1685.46, 1650.6, 1598.5, 1548.56, 1530.82, 1515.73, 1519.94, 1525.22, 1492.8, 1460.91, 1464.52, 1514.92, 1648.56, 1652.0
,ND,0.0, 0.0476, 0.0951, 0.143, 0.19, 0.238, 0.285, 0.333, 0.381, 0.428, 0.476, 0.523, 0.571, 0.618, 0.666, 0.713, 0.761, 0.809, 0.856, 0.904, 0.951, 0.999, 1.0
lowcls-105,I,1144.0, 1158.75, 1084.65, 1050.52, 1048.33, 1061.22, 1067.05, 1106.84, 1144.53, 1162.13, 1163.37, 1171.31, 1179.51, 1149.17, 1106.9, 1045.59, 1014.36, 963.59, 975.62, 1015.92, 1041.62, 984.98, 973.0
,ND,0.0, 0.0472, 0.0944, 0.142, 0.189, 0.236, 0.283, 0.33, 0.378, 0.425, 0.472, 0.519, 0.566, 0.614, 0.661, 0.708, 0.755, 0.802, 0.849, 0.897, 0.944, 0.991, 1.0
lowcls-34,I,1454.0, 1451.15, 1355.76, 1304.81, 1286.69, 1315.18, 1343.07, 1395.41, 1486.42, 1518.71, 1536.47, 1558.75, 1606.11, 1625.12, 1641.55, 1647.73, 1607.48, 1520.31, 1459.96, 1404.13, 1370.56, 1331.0
,ND,0.0, 0.0479, 0.0958, 0.144, 0.192, 0.239, 0.287, 0.335, 0.383, 0.431, 0.479, 0.527, 0.575, 0.623, 0.67, 0.718, 0.766, 0.814, 0.862, 0.91, 0.958, 1.0
lowcls-41,I,869.0, 940.42, 1002.17, 1045.99, 1079.77, 1092.77, 1135.58, 1173.48, 1188.25, 1212.26, 1247.51, 1271.08, 1289.74, 1286.29, 1315.78, 1309.95, 1297.1, 1250.05, 1222.22, 1216.12, 1177.17, 1140.85, 1110.0
,ND,0.0, 0.0456, 0.0912, 0.137, 0.182, 0.228, 0.274, 0.319, 0.365, 0.41, 0.456, 0.502, 0.547, 0.593, 0.638, 0.684, 0.73, 0.775, 0.821, 0.866, 0.912, 0.958, 1.0
lowcls-84,I,776.0, 776.59, 791.17, 772.08, 780.61, 772.71, 776.53, 795.18, 825.31, 835.17, 845.69, 866.78, 891.4, 913.1, 911.93, 907.71, 898.69, 888.04, 869.4, 864.0
,ND,0.0, 0.0548, 0.11, 0.164, 0.219, 0.274, 0.329, 0.384, 0.438, 0.493, 0.548, 0.603, 0.658, 0.712, 0.767, 0.822, 0.877, 0.932, 0.986, 1.0
lowcls-6,I,1397.0, 1566.64, 1598.93, 1626.07, 1647.28, 1679.32, 1701.78, 1718.86, 1749.69, 1779.53, 1769.27, 1763.93, 1746.73, 1752.08, 1735.95, 1702.94, 1670.79, 1659.83, 1687.04, 1729.8, 1752.0
,ND,0.0, 0.0508, 0.102, 0.152, 0.203, 0.254, 0.305, 0.355, 0.406, 0.457, 0.508, 0.558, 0.609, 0.66, 0.711, 0.762, 0.812, 0.863, 0.914, 0.965, 1.0
lowcls-77,I,976.0, 925.94, 855.54, 818.58, 817.37, 827.27, 829.35, 802.8, 807.26, 825.19, 818.1, 807.18, 820.67, 824.98, 843.01, 839.47, 841.0
,ND,0.0, 0.0655, 0.131, 0.197, 0.262, 0.328, 0.393, 0.459, 0.524, 0.59, 0.655, 0.721, 0.786, 0.852, 0.917, 0.983, 1.0
lowcls-73,I,856.0, 881.11, 906.23, 921.53, 926.61, 953.06, 953.28, 934.54, 929.45, 933.53, 943.89, 929.61, 917.63, 930.52, 959.93, 977.08, 1002.74, 989.95, 982.69, 964.82, 966.96, 953.12, 933.16, 914.43, 906.0
,ND,0.0, 0.0428, 0.0857, 0.129, 0.171, 0.214, 0.257, 0.3, 0.343, 0.386, 0.428, 0.471, 0.514, 0.557, 0.6, 0.643, 0.685, 0.728, 0.771, 0.814, 0.857, 0.9, 0.942, 0.985, 1.0
lowcls-65,I,754.0, 780.17, 787.37, 794.14, 793.9, 772.65, 771.06, 791.22, 802.77, 814.38, 820.99, 819.69, 824.8, 814.1, 800.86, 805.65, 812.4, 775.89, 750.3, 753.75, 781.0
,ND,0.0, 0.0502, 0.1, 0.151, 0.201, 0.251, 0.301, 0.351, 0.402, 0.452, 0.502, 0.552, 0.602, 0.652, 0.703, 0.753, 0.803, 0.853, 0.903, 0.954, 1.0
lowcls-2,I,1347.0, 1475.7, 1576.79, 1647.88, 1654.26, 1650.02, 1647.07, 1636.36, 1614.43, 1606.1, 1592.07, 1593.07, 1614.23, 1648.93, 1686.11, 1707.68, 1712.17, 1651.92, 1560.01, 1534.0
,ND,0.0, 0.0544, 0.109, 0.163, 0.218, 0.272, 0.326, 0.381, 0.435, 0.49, 0.544, 0.598, 0.653, 0.707, 0.761, 0.816, 0.87, 0.925, 0.979, 1.0
lowcls-82,I,1081.0, 1030.26, 1068.79, 1117.25, 1090.71, 1048.47, 1008.65, 981.68, 975.67, 1008.76, 1039.56, 1025.82, 1008.09, 1022.02, 1041.63, 1037.13, 1018.0
,ND,0.0, 0.0632, 0.126, 0.19, 0.253, 0.316, 0.379, 0.443, 0.506, 0.569, 0.632, 0.696, 0.759, 0.822, 0.885, 0.949, 1.0
