8_3,I,1953,1827.08,1655.32,1551.75,1515.22,1531.8,1603.82,1638.37,1644.05,1588.74,1629.56,1581.22,1641.42,1711.85,1671.61,1671.36,1705.18,1713.64,1699.98,1645.61,1546.02,1673.71,1641.17,1658.62,1745.1,1720.41,1691.39,1720.01,1671.07,1750.92,1739.46,1716.94,1762.13,1794.49,1849.34,1778.62,1796.77,1836.25,1839.55,1764.13,1737.77,1757.62,1659.19,1654,,
,ND,0,0.0238,0.0476,0.0713,0.0951,0.119,0.143,0.166,0.19,0.214,0.238,0.262,0.285,0.309,0.333,0.357,0.381,0.404,0.428,0.452,0.476,0.499,0.523,0.547,0.571,0.595,0.618,0.642,0.666,0.69,0.713,0.737,0.761,0.785,0.809,0.832,0.856,0.88,0.904,0.928,0.951,0.975,0.999,1,,
8_7,I,594.77,599.49,613.79,651.07,725.21,770.33,831.94,809.27,797.76,846.73,817.28,824.23,803.78,815.53,833.35,856.54,859,867.92,836.83,870.11,825.92,860.65,850.4,852.29,888.15,907.8,890.39,816.67,739.48,738.66,730,,,,,,,,,,,,,,,
,ND,0,0.0333,0.0666,0.0999,0.133,0.167,0.2,0.233,0.267,0.3,0.333,0.366,0.4,0.433,0.466,0.5,0.533,0.566,0.6,0.633,0.666,0.7,0.733,0.766,0.8,0.833,0.866,0.9,0.933,0.966,1,,,,,,,,,,,,,,,
14,I,262,268.59,264.77,270.57,279.79,267.73,273,298.65,277.96,257.91,267.97,260.39,260.72,274.57,266,261.19,253.82,271.65,273.67,262.41,273.5,282.91,281.49,282.39,270.95,279.79,281.24,266.62,280.05,286.66,279.29,278.18,286.69,296,,,,,,,,,,,,
,ND,0,0.0306,0.0613,0.0919,0.123,0.153,0.184,0.214,0.245,0.276,0.306,0.337,0.368,0.398,0.429,0.459,0.49,0.521,0.551,0.582,0.613,0.643,0.674,0.704,0.735,0.766,0.796,0.827,0.858,0.888,0.919,0.949,0.98,1,,,,,,,,,,,,
12,I,944,958.37,987.52,939.93,954.78,982.87,1048.25,1020.21,1055,1019,1046.53,991.61,992.55,995.24,1017.71,1008.88,993.26,999.3,991.33,960.65,938.93,975.64,989.03,1008.15,1032.36,1001.31,995.59,1022.84,1012.13,996.1,1014.51,1004.25,962.87,967.51,969.76,954,,,,,,,,,,
,ND,0,0.029,0.058,0.087,0.116,0.145,0.174,0.203,0.232,0.261,0.29,0.319,0.348,0.377,0.406,0.435,0.464,0.493,0.522,0.551,0.58,0.609,0.638,0.667,0.696,0.725,0.754,0.783,0.812,0.841,0.87,0.899,0.928,0.957,0.986,1,,,,,,,,,,
21,I,1305,1322.43,1404.56,1488.04,1615.71,1685.62,1731.74,1745.32,1828.84,1734.91,1711.11,1756.65,1799.15,1796.31,1760.01,1762.22,1800.37,1788.42,1750.53,1772.21,1764.77,1771.61,1762.53,1742.79,1730.03,1731.5,1776.14,1672.22,1639.99,1602.62,1570,,,,,,,,,,,,,,,
,ND,0,0.0339,0.0677,0.102,0.135,0.169,0.203,0.237,0.271,0.305,0.339,0.373,0.406,0.44,0.474,0.508,0.542,0.576,0.61,0.643,0.677,0.711,0.745,0.779,0.813,0.847,0.88,0.914,0.948,0.982,1,,,,,,,,,,,,,,,
22,I,1199,1152.93,1199.66,1336.22,1346.13,1335.59,1338.19,1362.57,1395.07,1389.46,1380.05,1398.82,1464.9,1467.85,1417.34,1371.22,1405.4,1440.14,1437.11,1395.7,1412.91,1432.47,1433.21,1437.73,1423.37,1394.44,1348.19,1324.65,1328.1,1306.27,1238.66,1200.95,1190.39,1098.37,1067,,,,,,,,,,,
,ND,0,0.0301,0.0602,0.0902,0.12,0.15,0.18,0.211,0.241,0.271,0.301,0.331,0.361,0.391,0.421,0.451,0.481,0.511,0.541,0.572,0.602,0.632,0.662,0.692,0.722,0.752,0.782,0.812,0.842,0.872,0.902,0.933,0.963,0.993,1,,,,,,,,,,,
23,I,2371,2293.31,2245.19,2295.82,2274.24,2220.43,2257.03,2273.02,2257.98,2244.2,2292.85,2298.31,2262.55,2260.21,2266.31,2239.99,2218.09,2210.91,2200.32,2296.09,2296.7,2269.12,2222.52,2209.85,2182.05,2252.73,2214.19,2245.26,2210.8,2274.45,2248.81,2222.89,2140.47,2214.67,2217.01,2229.73,2230.7,2260.24,2319.82,2282.27,2243,,,,,
,ND,0,0.0254,0.0508,0.0761,0.102,0.127,0.152,0.178,0.203,0.228,0.254,0.279,0.305,0.33,0.355,0.381,0.406,0.431,0.457,0.482,0.508,0.533,0.558,0.584,0.609,0.634,0.66,0.685,0.711,0.736,0.761,0.787,0.812,0.837,0.863,0.888,0.914,0.939,0.964,0.99,1,,,,,
25,I,1071,1216.86,1283.5,1343.71,1343.31,1302.43,1330.87,1366.05,1371.66,1360.39,1378.25,1370.03,1364.43,1362.57,1446.52,1384.67,1397.15,1441.16,1405.15,1458.61,1523.45,1535.34,1555.68,1465.53,1330,,,,,,,,,,,,,,,,,,,,,
,ND,0,0.0421,0.0841,0.126,0.168,0.21,0.252,0.294,0.337,0.379,0.421,0.463,0.505,0.547,0.589,0.631,0.673,0.715,0.757,0.799,0.841,0.883,0.926,0.968,1,,,,,,,,,,,,,,,,,,,,,
28,I,572,656.34,720.52,768.29,805.58,784.05,774.55,783.88,790.04,799.8,815.92,807.07,801.86,799.1,796.42,838.6,816.67,833.55,809.9,822.59,812.97,823.03,777.65,815.04,870.37,831.62,841.57,816.61,794.28,741.84,703.45,703,,,,,,,,,,,,,,
,ND,0,0.0333,0.0666,0.0999,0.133,0.167,0.2,0.233,0.267,0.3,0.333,0.366,0.4,0.433,0.466,0.5,0.533,0.566,0.6,0.633,0.666,0.7,0.733,0.766,0.8,0.833,0.866,0.9,0.933,0.966,0.999,1,,,,,,,,,,,,,,
29,I,1999,1982.6,1841.24,2025.77,1987.5,2022.43,1993.41,2036.87,1994.48,2010.41,1990.34,2033.68,2008.85,2016.41,2021.28,1966.05,1947.55,1913.27,1980.55,1906.18,1916.71,1985.61,1939.66,1956.25,1995.53,1920.62,1870.22,1891.01,1917.46,1885.56,1905.28,1851.01,1842.87,1846.23,1858.22,1765.85,1738.5,1754.26,1659.3,1654,,,,,,
,ND,0,0.0263,0.0526,0.0788,0.105,0.131,0.158,0.184,0.21,0.237,0.263,0.289,0.315,0.342,0.368,0.394,0.42,0.447,0.473,0.499,0.526,0.552,0.578,0.604,0.631,0.657,0.683,0.71,0.736,0.762,0.788,0.815,0.841,0.867,0.894,0.92,0.946,0.972,0.999,1,,,,,,
30,I,1741,1858.74,1882.65,1930.89,1960.55,1989.73,1962.9,1941.08,1947.5,2011.71,2002.32,1967.91,1912.23,1944.88,1992.18,1970.36,1977.44,2042.56,2000.01,2039.25,1984,1963.61,1928.94,1943.89,1911.48,1916.13,1876.62,1826.27,1756.9,1740.85,1614.33,1528.51,1460.28,1496.51,,,,,,,,,,,,
,ND,0,0.0303,0.0606,0.0909,0.121,0.151,0.182,0.212,0.242,0.273,0.303,0.333,0.363,0.394,0.424,0.454,0.485,0.515,0.545,0.575,0.606,0.636,0.666,0.697,0.727,0.757,0.788,0.818,0.848,0.878,0.909,0.939,0.969,1,,,,,,,,,,,,
33,I,2463,2715.85,2904.01,2989.29,3031.04,2994.55,2869.72,2754.4,2757.95,2628.27,2618.1,2699.89,2733.71,2611.24,2596.31,2634.47,2574.44,2519.15,2528.2,2502.21,2438.7,2524.42,2531.07,2598.86,2500.73,2481.49,2504.68,2548.13,2550.26,2528.46,2706.22,2817.28,2915.12,3001.16,3061.56,2995.3,3038.72,3002.67,2983,,,,,,,
,ND,0,0.0269,0.0537,0.0806,0.107,0.134,0.161,0.188,0.215,0.242,0.269,0.296,0.322,0.349,0.376,0.403,0.43,0.457,0.484,0.511,0.537,0.564,0.591,0.618,0.645,0.672,0.699,0.726,0.752,0.779,0.806,0.833,0.86,0.887,0.914,0.94,0.967,0.994,1,,,,,,,
34,I,1308,1443.62,1534.64,1606.83,1622.36,1624.15,1590.35,1566.9,1553.09,1533.96,1542.14,1564.27,1595.56,1606.76,1578.08,1531.74,1566.67,1594.98,1663.66,1700.8,1683.17,1656.94,1612.99,1580.68,1557.33,1516.23,1505.17,1511.06,1550.65,1573.74,1567.38,1551.29,1460.55,1448,,,,,,,,,,,,
,ND,0,0.0311,0.0621,0.0932,0.124,0.155,0.186,0.217,0.248,0.279,0.311,0.342,0.373,0.404,0.435,0.466,0.497,0.528,0.559,0.59,0.621,0.652,0.683,0.714,0.745,0.776,0.807,0.838,0.869,0.901,0.932,0.963,0.994,1,,,,,,,,,,,,
35,I,951,1050.21,1140.27,1172.57,1211.8,1244.11,1236.59,1250.06,1248.93,1258.51,1240.97,1278.09,1259.77,1229.69,1246.45,1213.49,1206.73,1242.22,1246.44,1214.44,1207.37,1202.2,1191.31,1179.26,1159,1142.26,1115.83,1099.21,1057.12,1045.4,1019.46,959.01,955,,,,,,,,,,,,,
,ND,0,0.0322,0.0644,0.0966,0.129,0.161,0.193,0.225,0.258,0.29,0.322,0.354,0.386,0.418,0.451,0.483,0.515,0.547,0.579,0.612,0.644,0.676,0.708,0.74,0.773,0.805,0.837,0.869,0.901,0.934,0.966,0.998,1,,,,,,,,,,,,,
37,I,885,909.27,973.14,1036.14,1069.84,1085.17,1095.88,1107.02,1110.61,1101.83,1115.73,1101.54,1079.56,1075.4,1030.36,1007.57,1004.86,1015.44,1046.87,1079.39,1094.99,1100.81,1103.58,1105.82,1111.86,1107.55,1076.27,1053.81,1076.21,1053.36,1048,,,,,,,,,,,,,,,
,ND,0,0.0343,0.0686,0.103,0.137,0.171,0.206,0.24,0.274,0.309,0.343,0.377,0.412,0.446,0.48,0.514,0.549,0.583,0.617,0.652,0.686,0.72,0.755,0.789,0.823,0.857,0.892,0.926,0.96,0.995,1,,,,,,,,,,,,,,,
38,I,1313,1550.06,1782.04,1780.85,1842.9,1809.28,1873.07,1874.07,1848.36,1895.25,2053.9,2014.79,2050.18,2083.54,2051,2050.94,2102.47,2198.25,2163.44,2168.82,2188.73,2180.66,2196.33,2191.57,2199.61,2196.25,2206.03,2152.22,2141.88,2160.19,2148.36,2100.52,2035,1764.24,1566.08,1457,,,,,,,,,,
,ND,0,0.0289,0.0577,0.0866,0.115,0.144,0.173,0.202,0.231,0.26,0.289,0.317,0.346,0.375,0.404,0.433,0.462,0.491,0.519,0.548,0.577,0.606,0.635,0.664,0.693,0.721,0.75,0.779,0.808,0.837,0.866,0.895,0.923,0.952,0.981,1,,,,,,,,,,
39,I,920,900.05,915.07,911.56,910.98,926.05,944.52,944.78,973.51,1004.17,1008.73,1018.03,1041.66,1050.75,1043.92,1068.09,1112.92,1153.3,1160.08,1168.81,1127.81,1098.15,1110.17,1117.05,1133.14,1107.57,1091.89,1020.64,1008.86,1010.17,1018,,,,,,,,,,,,,,,
,ND,0,0.0339,0.0677,0.102,0.135,0.169,0.203,0.237,0.271,0.305,0.339,0.373,0.406,0.44,0.474,0.508,0.542,0.576,0.61,0.643,0.677,0.711,0.745,0.779,0.813,0.847,0.88,0.914,0.948,0.982,1,,,,,,,,,,,,,,,
40,I,1206,1356.39,1484.19,1536.72,1517.32,1502.59,1527.86,1570.59,1581.29,1601.9,1627.51,1625.96,1638.96,1642.16,1635.53,1653.46,1660.77,1648.28,1625.33,1639.61,1596.73,1589.88,1682.79,1658.41,1664.08,1623.6,1527.45,1515,,,,,,,,,,,,,,,,,,
,ND,0,0.0382,0.0764,0.115,0.153,0.191,0.229,0.267,0.306,0.344,0.382,0.42,0.458,0.497,0.535,0.573,0.611,0.65,0.688,0.726,0.764,0.802,0.841,0.879,0.917,0.955,0.993,1,,,,,,,,,,,,,,,,,,
42,I,966,1075.69,1149.43,1182.25,1189.94,1235.25,1266.34,1283.15,1315.89,1310.29,1318.64,1297.7,1315.29,1335.01,1334.52,1335.29,1344.83,1342.23,1340.38,1328.63,1309.76,1292.12,1283.92,1277.06,1278.23,1246.31,1212.51,1226.69,1207.92,1169,,,,,,,,,,,,,,,,
,ND,0,0.0349,0.0698,0.105,0.14,0.175,0.21,0.244,0.279,0.314,0.349,0.384,0.419,0.454,0.489,0.524,0.559,0.594,0.629,0.664,0.698,0.733,0.768,0.803,0.838,0.873,0.908,0.943,0.978,1,,,,,,,,,,,,,,,,
45,I,1682,1655.66,1676.44,1681.17,1714.08,1708.98,1718.36,1718.09,1707.03,1703.06,1695.61,1681.02,1658.25,1637.46,1581.54,1543.47,1468.29,1398.96,1390.28,1442.67,1477.44,1489.12,1540.55,1545.86,1559.7,1584.63,1596.15,1594.93,1609.39,1621.77,1597.17,1589.3,1572,,,,,,,,,,,,,
,ND,0,0.0316,0.0632,0.0949,0.126,0.158,0.19,0.221,0.253,0.285,0.316,0.348,0.379,0.411,0.443,0.474,0.506,0.538,0.569,0.601,0.632,0.664,0.696,0.727,0.759,0.791,0.822,0.854,0.885,0.917,0.949,0.98,1,,,,,,,,,,,,,
46,I,1041,1177.53,1280.76,1340.56,1344.59,1349.57,1338.61,1318.44,1313.5,1294.44,1302.55,1293.94,1311.41,1316.13,1317.54,1316.66,1315.8,1329.49,1347.4,1323.81,1314.29,1304.28,1300.66,1279.23,1242.52,1216.3,1144.34,1047.52,976.96,978.29,975.82,974,,,,,,,,,,,,,,
,ND,0,0.0327,0.0653,0.098,0.131,0.163,0.196,0.229,0.261,0.294,0.327,0.359,0.392,0.425,0.457,0.49,0.523,0.555,0.588,0.621,0.653,0.686,0.719,0.751,0.784,0.817,0.849,0.882,0.915,0.947,0.98,1,,,,,,,,,,,,,,
47,I,883,989.72,1091.73,1222.22,1309.73,1374.61,1429.22,1420.85,1430.5,1421.21,1425.85,1430.12,1434.51,1430.03,1412.26,1397.42,1417.86,1423.25,1421.09,1390.98,1355.2,1355.31,1334.12,1323.42,1302.93,1264.92,1169.26,1047,,,,,,,,,,,,,,,,,,
,ND,0,0.0371,0.0743,0.111,0.149,0.186,0.223,0.26,0.297,0.334,0.371,0.409,0.446,0.483,0.52,0.557,0.594,0.631,0.669,0.706,0.743,0.78,0.817,0.854,0.891,0.928,0.966,1,,,,,,,,,,,,,,,,,,
48,I,1016,1019.69,1050.5,1073.26,1035.55,1029.72,1100.3,1166.27,1215.19,1233.29,1259.74,1273.97,1298.75,1301.6,1314.86,1328.01,1330.08,1348.52,1339.24,1337.79,1322.76,1307.47,1292.49,1298.28,1287.53,1260.26,1248.65,1211.88,1195,,,,,,,,,,,,,,,,,
,ND,0,0.0364,0.0728,0.109,0.146,0.182,0.219,0.255,0.291,0.328,0.364,0.401,0.437,0.473,0.51,0.546,0.583,0.619,0.656,0.692,0.728,0.765,0.801,0.838,0.874,0.91,0.947,0.983,1,,,,,,,,,,,,,,,,,
49,I,2246,2222.48,2272.42,2340.76,2367.79,2372.58,2391.01,2432.01,2466.81,2539.02,2633.86,2697.41,2726.11,2682.36,2607.5,2556.58,2584.98,2581.41,2688.07,2740.08,2758.07,2772.41,2800.48,2857.79,2917.23,2956.64,2965.96,2997.18,3028.21,3029.31,2967.05,2766.7,2763,,,,,,,,,,,,,
,ND,0,0.0322,0.0645,0.0967,0.129,0.161,0.193,0.226,0.258,0.29,0.322,0.355,0.387,0.419,0.451,0.484,0.516,0.548,0.58,0.613,0.645,0.677,0.709,0.742,0.774,0.806,0.838,0.871,0.903,0.935,0.967,0.999,1,,,,,,,,,,,,,
50,I,1333,1412.02,1483.99,1551.94,1579.3,1612.55,1642.61,1662.83,1675.74,1684.8,1671.45,1678.58,1690.71,1670.68,1643.19,1635.61,1623.71,1564.58,1559.36,1512,1454.82,1378.59,1329.99,1307.5,1310.08,1320.94,1313.17,1313.25,1326.87,1310.26,1325.04,1323.37,1303.73,1315.7,1334.73,1350.24,1351,,,,,,,,,
,ND,0,0.0285,0.057,0.0854,0.114,0.142,0.171,0.199,0.228,0.256,0.285,0.313,0.342,0.37,0.399,0.427,0.456,0.484,0.513,0.541,0.57,0.598,0.627,0.655,0.683,0.712,0.74,0.769,0.797,0.826,0.854,0.883,0.911,0.94,0.968,0.997,1,,,,,,,,,
52,I,1077,1105.79,1156.95,1240.11,1304.23,1317.7,1313.32,1328.18,1355.96,1410.35,1473.77,1499.23,1457.28,1392.34,1334.06,1311.93,1310.11,1334.34,1368.42,1408.02,1436.71,1447.1,1444.37,1431.31,1423.44,1421.53,1433.22,1459.28,1489.82,1532.47,1611.12,1625.52,1628,,,,,,,,,,,,,
,ND,0,0.0319,0.0637,0.0956,0.127,0.159,0.191,0.223,0.255,0.287,0.319,0.35,0.382,0.414,0.446,0.478,0.51,0.542,0.574,0.605,0.637,0.669,0.701,0.733,0.765,0.797,0.828,0.86,0.892,0.924,0.956,0.988,1,,,,,,,,,,,,,
53,I,1294,1397.35,1529.47,1654.48,1737.89,1765.66,1753.84,1716.71,1691.04,1681.15,1697.81,1731.15,1725.83,1726.7,1735.28,1774.3,1801.58,1812.03,1847.62,1823.01,1836.98,1870.08,1843.81,1828.65,1812.35,1797.86,1823.15,1851.44,1888.25,1972.09,1961.25,1897.51,1779.9,1615.58,1557.62,1519.27,1535,,,,,,,,,
,ND,0,0.028,0.0559,0.0839,0.112,0.14,0.168,0.196,0.224,0.252,0.28,0.307,0.335,0.363,0.391,0.419,0.447,0.475,0.503,0.531,0.559,0.587,0.615,0.643,0.671,0.699,0.727,0.755,0.783,0.811,0.839,0.866,0.894,0.922,0.95,0.978,1,,,,,,,,,
55,I,1169,1213.84,1214.2,1235.32,1252.65,1267.22,1285.31,1287.76,1312.98,1304.65,1306.36,1318.53,1320.28,1311.44,1318.17,1328.5,1329.6,1341.97,1341.53,1338.7,1335.69,1345.21,1343.1,1315.71,1294.93,1290.36,1289.44,1281.37,1268.16,1243.41,1209.11,1180.86,1136.21,1081.49,1074,,,,,,,,,,,
,ND,0,0.0302,0.0604,0.0906,0.121,0.151,0.181,0.211,0.242,0.272,0.302,0.332,0.362,0.393,0.423,0.453,0.483,0.513,0.543,0.574,0.604,0.634,0.664,0.694,0.725,0.755,0.785,0.815,0.845,0.876,0.906,0.936,0.966,0.996,1,,,,,,,,,,,
59,I,1788,1865.43,1834.79,1817.1,1739.69,1714.36,1683.36,1665.16,1669.12,1661.19,1675.33,1812.35,1878.88,1872.27,1831.62,1743.66,1698.26,1670.09,1681.64,1728.22,1768.27,1774.63,1816.61,1814.49,1720.44,1736.71,1741.9,1801.15,1877.45,1920.14,1909.72,1916.55,1944.38,2020.64,2032,,,,,,,,,,,
,ND,0,0.0302,0.0604,0.0905,0.121,0.151,0.181,0.211,0.241,0.272,0.302,0.332,0.362,0.392,0.423,0.453,0.483,0.513,0.543,0.573,0.604,0.634,0.664,0.694,0.724,0.754,0.785,0.815,0.845,0.875,0.905,0.936,0.966,0.996,1,,,,,,,,,,,
61,I,1313,1431.45,1542.75,1568.73,1578.1,1577.14,1531.12,1543.8,1545.67,1536.17,1549.69,1542.85,1548.5,1557.8,1526.94,1515.11,1504.93,1484,1421.59,1314.75,1307.64,1320.56,1281.28,1251.73,1258.77,1230.46,1223,,,,,,,,,,,,,,,,,,,
,ND,0,0.0397,0.0794,0.119,0.159,0.199,0.238,0.278,0.318,0.357,0.397,0.437,0.477,0.516,0.556,0.596,0.635,0.675,0.715,0.755,0.794,0.834,0.874,0.913,0.953,0.993,1,,,,,,,,,,,,,,,,,,,
65,I,1474,1428.66,1454.82,1583.94,1665.3,1737.08,1799.76,1834.25,1861.87,1850.08,1813.43,1793.96,1794.34,1801.98,1791.84,1796.33,1834.79,1877,1865.41,1788.72,1782.49,1745.73,1744.81,1742.48,1734,,,,,,,,,,,,,,,,,,,,,
,ND,0,0.0433,0.0866,0.13,0.173,0.217,0.26,0.303,0.347,0.39,0.433,0.476,0.52,0.563,0.606,0.65,0.693,0.736,0.78,0.823,0.866,0.91,0.953,0.996,1,,,,,,,,,,,,,,,,,,,,,
66,I,1315,1310.16,1284.6,1299.58,1268.21,1236.66,1249.94,1250.09,1253.17,1267.18,1268.92,1265.36,1277.12,1282.42,1301.92,1301.17,1299.5,1315.03,1324.24,1335.85,1293.43,1227.8,1260.04,1265.78,1252.5,1244,,,,,,,,,,,,,,,,,,,,
,ND,0,0.0413,0.0826,0.124,0.165,0.207,0.248,0.289,0.33,0.372,0.413,0.454,0.496,0.537,0.578,0.62,0.661,0.702,0.744,0.785,0.826,0.868,0.909,0.95,0.991,1,,,,,,,,,,,,,,,,,,,,
67,I,1949,1990.9,1975.5,1976.83,1977.03,1942.37,1979.97,1986.1,1998.49,1948.34,1886.23,1834.39,1837.96,1852.12,1827.7,1848.33,1851.8,1838.89,1903.22,1909.74,1834.91,1833,,,,,,,,,,,,,,,,,,,,,,,,
,ND,0,0.0499,0.0999,0.15,0.2,0.25,0.3,0.35,0.4,0.449,0.499,0.549,0.599,0.649,0.699,0.749,0.799,0.849,0.899,0.949,0.999,1,,,,,,,,,,,,,,,,,,,,,,,,
68,I,1041,1159.79,1240,1331.32,1351.4,1377.99,1390.46,1411.01,1434.51,1432.87,1416.58,1434.28,1440.54,1435.12,1431.76,1427.55,1398.36,1389.86,1370.77,1302.56,1236,,,,,,,,,,,,,,,,,,,,,,,,,
,ND,0,0.0502,0.1,0.151,0.201,0.251,0.301,0.351,0.402,0.452,0.502,0.552,0.602,0.652,0.703,0.753,0.803,0.853,0.903,0.954,1,,,,,,,,,,,,,,,,,,,,,,,,,
69,I,1196,1176.9,1182.03,1304.99,1420.95,1526.14,1579.4,1609.61,1653.65,1670.77,1654.47,1678.99,1664.08,1657.1,1635.24,1659.23,1675.96,1671.77,1670,1658.69,1605.81,1531.81,1410.89,1262.5,1163.18,1190.69,1170,,,,,,,,,,,,,,,,,,,
,ND,0,0.039,0.0781,0.117,0.156,0.195,0.234,0.273,0.312,0.351,0.39,0.429,0.469,0.508,0.547,0.586,0.625,0.664,0.703,0.742,0.781,0.82,0.859,0.898,0.937,0.976,1,,,,,,,,,,,,,,,,,,,
71,I,1238,1293.41,1309.87,1319.02,1344.41,1362.43,1374.9,1388.62,1384.65,1377.51,1358.24,1368.44,1382.91,1367,1363.34,1339.84,1319.08,1293.66,1280.91,1284.85,1296.44,1296.89,1305.42,1299.88,1282.89,1288.58,1283.55,1271.43,1254.69,1232.09,1188.46,1176,,,,,,,,,,,,,,
,ND,0,0.0324,0.0648,0.0972,0.13,0.162,0.194,0.227,0.259,0.292,0.324,0.356,0.389,0.421,0.454,0.486,0.518,0.551,0.583,0.615,0.648,0.68,0.713,0.745,0.777,0.81,0.842,0.875,0.907,0.939,0.972,1,,,,,,,,,,,,,,
73,I,1118,1178.17,1227.12,1254.7,1261.79,1274.47,1276.72,1296.66,1294.73,1305.06,1313.5,1303.24,1289.46,1293.02,1314.05,1299.56,1292.74,1294.52,1292.99,1255.84,1244.85,1207.88,1180.57,1162.73,1159,,,,,,,,,,,,,,,,,,,,,
,ND,0,0.0429,0.0857,0.129,0.171,0.214,0.257,0.3,0.343,0.386,0.429,0.472,0.514,0.557,0.6,0.643,0.686,0.729,0.772,0.815,0.857,0.9,0.943,0.986,1,,,,,,,,,,,,,,,,,,,,,
74,I,1849,1849.59,1835.58,1889.05,1952.03,2162.73,2252.89,2244.13,2235.57,2221.77,2225.5,2242.84,2232.17,2204.02,2175.8,2194.27,2183.46,2157.26,2063.36,1911.18,1996.35,1952.46,1929,,,,,,,,,,,,,,,,,,,,,,,
,ND,0,0.0474,0.0948,0.142,0.19,0.237,0.284,0.332,0.379,0.427,0.474,0.521,0.569,0.616,0.664,0.711,0.758,0.806,0.853,0.901,0.948,0.995,1,,,,,,,,,,,,,,,,,,,,,,,
76,I,1992,2063.41,1980.81,1931.03,1942.87,1951.92,1986.42,1963.72,2035.73,2237.24,2392.77,2551.03,2624.38,2651.55,2627.2,2595.75,2592.58,2592.5,2599.65,2593.2,2582.65,2577.92,2626.64,2661.67,2700.21,2685.02,2624.3,2558.91,2474.96,2390.35,2362,,,,,,,,,,,,,,,
,ND,0,0.034,0.068,0.102,0.136,0.17,0.204,0.238,0.272,0.306,0.34,0.374,0.408,0.442,0.476,0.51,0.544,0.578,0.612,0.646,0.68,0.714,0.748,0.782,0.816,0.85,0.884,0.917,0.951,0.985,1,,,,,,,,,,,,,,,
79,I,955,1001.93,1013.83,1036.8,1160.41,1252.19,1330.67,1364.68,1405.05,1425.19,1431.94,1451.23,1469.62,1450.4,1450.14,1399.45,1382,1351.96,1330.54,1300.87,1256.17,1232.92,1113.93,1043,,,,,,,,,,,,,,,,,,,,,,
,ND,0,0.0445,0.089,0.133,0.178,0.222,0.267,0.311,0.356,0.4,0.445,0.489,0.534,0.578,0.623,0.667,0.712,0.756,0.801,0.845,0.89,0.934,0.979,1,,,,,,,,,,,,,,,,,,,,,,
81,I,867,929.09,1003.31,1040.93,1071.83,1100.3,1134.92,1174.6,1209.72,1236.34,1228.9,1240,1224.75,1200.58,1180.22,1165.55,1147.99,1158.11,1167.42,1148.04,1160.29,1151.35,1132.76,1153.66,1155.24,1156.74,1172.3,1187.13,1148.75,1135.12,1154.01,1170.28,1168.11,1097.48,1069,,,,,,,,,,,
,ND,0,0.0299,0.0598,0.0898,0.12,0.15,0.18,0.209,0.239,0.269,0.299,0.329,0.359,0.389,0.419,0.449,0.479,0.509,0.539,0.568,0.598,0.628,0.658,0.688,0.718,0.748,0.778,0.808,0.838,0.868,0.898,0.928,0.957,0.987,1,,,,,,,,,,,
g,I,1016,1051.36,1113.89,1157,1133.51,1255.01,1243.94,1217.62,1228.25,1188.93,1203.98,1256.86,1204.18,1193.02,1192.13,1239.89,1246.4,1252.81,1296.63,1425.01,1470.55,1438.73,1426.68,1426,,,,,,,,,,,,,,,,,,,,,,
,ND,0,0.0454,0.0908,0.136,0.182,0.227,0.272,0.318,0.363,0.409,0.454,0.499,0.545,0.59,0.636,0.681,0.727,0.772,0.817,0.863,0.908,0.954,0.999,1,,,,,,,,,,,,,,,,,,,,,,
m,I,590,594.15,646.75,730.43,776.99,830.11,876.51,871.78,865.69,848.93,821.54,832.93,859.5,827.87,841.84,903.12,846.16,858.59,862.77,857,837.28,854.95,855.4,781.31,764.55,695.43,582.24,584.59,571,,,,,,,,,,,,,,,,,
,ND,0,0.0362,0.0725,0.109,0.145,0.181,0.217,0.254,0.29,0.326,0.362,0.399,0.435,0.471,0.507,0.544,0.58,0.616,0.652,0.689,0.725,0.761,0.797,0.834,0.87,0.906,0.942,0.979,1,,,,,,,,,,,,,,,,,
r,I,1917,2063.21,2243.66,2341.32,2315.34,2134.28,2097.03,2070.92,2137.89,2122.51,2081.39,2092.36,2134.55,2099.95,2035.4,2077.66,1961.8,2003.49,2049.62,2153.73,2214.45,2187.23,2106.12,2145.03,2040.08,2185.41,2328.04,2355,,,,,,,,,,,,,,,,,,
,ND,0,0.0379,0.0757,0.114,0.151,0.189,0.227,0.265,0.303,0.341,0.379,0.416,0.454,0.492,0.53,0.568,0.606,0.643,0.681,0.719,0.757,0.795,0.833,0.871,0.908,0.946,0.984,1,,,,,,,,,,,,,,,,,,
u,I,1562,1779.63,1792.06,1818.83,1817.57,1907.66,1925.83,1900.06,1847.61,1855.27,1864.47,1813.45,1816.76,1869.71,1822.11,1817.79,1818.35,1824.09,1788.27,1731.17,1658.54,1658.25,1616.71,1546.13,1478.26,1428.92,1392.2,1390,,,,,,,,,,,,,,,,,,
,ND,0,0.0381,0.0762,0.114,0.152,0.19,0.229,0.267,0.305,0.343,0.381,0.419,0.457,0.495,0.533,0.571,0.61,0.648,0.686,0.724,0.762,0.8,0.838,0.876,0.914,0.952,0.991,1,,,,,,,,,,,,,,,,,,
y,I,1643,1620.22,1626.58,1702.94,1647.09,1666.07,1691.83,1684.12,1699.55,1649.9,1650.14,1606.72,1637.08,1637,1613.66,1604.71,1577.94,1601.53,1588.65,1565.33,1613.66,1636.06,1586.6,1619.31,1616.81,1527.15,1542.21,1636.43,1615.58,1575.7,1605.2,1621.47,1630.91,1675.83,1700.12,1623.98,1574.75,1612.43,1673.7,1743.37,1689.49,1783.84,1849.63,1828.69,1898.69,2019
,ND,0,0.0225,0.0451,0.0676,0.0901,0.113,0.135,0.158,0.18,0.203,0.225,0.248,0.27,0.293,0.315,0.338,0.36,0.383,0.406,0.428,0.451,0.473,0.496,0.518,0.541,0.563,0.586,0.608,0.631,0.653,0.676,0.698,0.721,0.743,0.766,0.789,0.811,0.834,0.856,0.879,0.901,0.924,0.946,0.969,0.991,1
82,I,1066,1138.69,1172.38,1179.01,1210.8,1237.04,1222.23,1236.49,1277.81,1264.48,1248.76,1261.5,1267.78,1242.46,1238.98,1254.13,1236.01,1206.3,1234.8,1264.65,1225.44,1216.87,1221.79,1209.57,1282.87,1253.37,1261.45,1236.42,1251.51,1234.64,1215.23,1166.9,1226.89,1239.88,1232.12,1222.21,1225.75,1236.24,1202.28,1215.14,1243.1,1258.37,1259,,,
,ND,0,0.0243,0.0485,0.0728,0.097,0.121,0.146,0.17,0.194,0.218,0.243,0.267,0.291,0.315,0.34,0.364,0.388,0.412,0.437,0.461,0.485,0.509,0.534,0.558,0.582,0.606,0.631,0.655,0.679,0.703,0.728,0.752,0.776,0.8,0.825,0.849,0.873,0.897,0.922,0.946,0.97,0.994,1,,,
83,I,694,760.47,806.72,824.69,832.2,834.91,820.23,787.3,802.01,835.38,847.81,840.16,812.18,801.93,800.89,809.25,801.54,850.4,818.41,794.37,799.88,785.62,779.96,751.65,744.61,765.6,727.58,736.62,762.24,739.17,717,,,,,,,,,,,,,,,
,ND,0,0.0339,0.0677,0.102,0.135,0.169,0.203,0.237,0.271,0.305,0.339,0.373,0.406,0.44,0.474,0.508,0.542,0.576,0.61,0.643,0.677,0.711,0.745,0.779,0.813,0.847,0.88,0.914,0.948,0.982,1,,,,,,,,,,,,,,,
84,I,962,969.51,995.76,1071.2,1118.36,1079.07,1149.53,1131.27,1131.26,1150.89,1111.83,1142.62,1114.83,1080.65,1065.9,1071.59,1055.25,1050.99,1054.71,1027.68,1031.41,1046.12,1062.49,1096.96,1105.6,1102.01,1063.65,1048.98,1108.9,1102.68,1049,,,,,,,,,,,,,,,
,ND,0,0.0335,0.067,0.101,0.134,0.168,0.201,0.235,0.268,0.302,0.335,0.369,0.402,0.436,0.469,0.503,0.536,0.57,0.603,0.637,0.67,0.704,0.737,0.771,0.804,0.838,0.872,0.905,0.939,0.972,1,,,,,,,,,,,,,,,
85,I,527,522,543.63,562.61,586.09,657.32,683.44,668.29,674.47,647.22,660.98,665.91,690.61,668.58,696.2,684.84,685.83,627.94,634.67,678.18,681,651.97,608.5,595,,,,,,,,,,,,,,,,,,,,,,
,ND,0,0.0447,0.0894,0.134,0.179,0.224,0.268,0.313,0.358,0.402,0.447,0.492,0.537,0.581,0.626,0.671,0.716,0.76,0.805,0.85,0.894,0.939,0.984,1,,,,,,,,,,,,,,,,,,,,,,
86,I,572,634,633,610,590,616,603,650,659,661,657,633,627,598,591,632,604,554,532,566,540,493,,,,,,,,,,,,,,,,,,,,,,,,
,ND,0,0.0476,0.0952,0.143,0.19,0.238,0.286,0.333,0.381,0.429,0.476,0.524,0.571,0.619,0.667,0.714,0.762,0.81,0.857,0.905,0.952,1,,,,,,,,,,,,,,,,,,,,,,,,
87,I,524,547.06,557.91,574.61,581.38,591.14,586.05,588.32,586.44,596.2,602.71,603.11,600.32,600.24,606.49,602.15,603.85,606.95,590.88,591.38,593.16,586.04,591.51,576.32,569.64,554.89,555,,,,,,,,,,,,,,,,,,,
,ND,0,0.039,0.0781,0.117,0.156,0.195,0.234,0.273,0.312,0.351,0.39,0.429,0.469,0.508,0.547,0.586,0.625,0.664,0.703,0.742,0.781,0.82,0.859,0.898,0.937,0.976,1,,,,,,,,,,,,,,,,,,,
88,I,1196,1183.34,1196.83,1237.21,1291.58,1279.1,1304.55,1337.18,1333.03,1325.43,1324.32,1324.22,1354.27,1322.89,1328.84,1359.1,1376.74,1367.69,1353.69,1351.97,1355.92,1386.43,1328.46,1376.22,1378.09,1356.63,1329.95,1340.04,1331.01,1334.11,1317.17,1313.75,1324.36,1326.21,1320.95,1320,,,,,,,,,,
,ND,0,0.0294,0.0587,0.0881,0.117,0.147,0.176,0.206,0.235,0.264,0.294,0.323,0.352,0.382,0.411,0.44,0.47,0.499,0.528,0.558,0.587,0.617,0.646,0.675,0.705,0.734,0.763,0.793,0.822,0.851,0.881,0.91,0.94,0.969,0.998,1,,,,,,,,,,
20,I,1463,1565.92,1684.5,1745.45,1724.84,1646.14,1556.24,1545.67,1543.18,1543.03,1533.26,1549.55,1581.93,1572.94,1557.55,1586.8,1536.63,1648.85,1618.23,1667.5,1779.77,1979.26,2154.84,2155.98,1947.5,1743.78,1732,,,,,,,,,,,,,,,
,ND,0,0.0399,0.0798,0.12,0.16,0.2,0.239,0.279,0.319,0.359,0.399,0.439,0.479,0.519,0.559,0.599,0.638,0.678,0.718,0.758,0.798,0.838,0.878,0.918,0.958,0.998,1,,,,,,,,,,,,,,,
24,I,900,941.51,975.58,996.4,1004.46,1005.08,1001.35,1024.81,979.41,994.29,971.87,975.59,979.38,969.03,944.26,970.47,864.92,986.39,927.81,957.4,936.69,918.25,895.1,946.69,907.32,866,898.93,868.34,914.77,940.66,966.88,1006.01,1006.84,1184.06,1197.05,1341.27,1372.43,1278.89,1147.78,1009.86,940,
,ND,0,0.0251,0.0502,0.0753,0.1,0.126,0.151,0.176,0.201,0.226,0.251,0.276,0.301,0.326,0.352,0.377,0.402,0.427,0.452,0.477,0.502,0.527,0.552,0.578,0.603,0.628,0.653,0.678,0.703,0.728,0.753,0.778,0.804,0.829,0.854,0.879,0.904,0.929,0.954,0.979,1,
27,I,785,880.52,1031.66,1141.69,1298.27,1440.78,1515.6,1543.2,1692.96,1725.71,1740.48,1780.1,1827.64,1839.38,1864,1912.41,1892.45,1896.75,1950.99,1995.33,2017.78,2062.11,2219,2423.19,2666.89,2507.36,1979.06,1363.2,1064,,,,,,,,,,,,,
,ND,0,0.0363,0.0727,0.109,0.145,0.182,0.218,0.254,0.291,0.327,0.363,0.4,0.436,0.472,0.509,0.545,0.582,0.618,0.654,0.691,0.727,0.763,0.8,0.836,0.872,0.909,0.945,0.981,1,,,,,,,,,,,,,
31,I,1666,1723.76,1783.29,1941.33,2059.9,2070.27,2100.37,2064.67,2081.69,2048.38,2106.09,2168.37,2193.85,2177.61,2175.88,2132.32,2120.98,2153.7,2114.81,2237.52,2326.41,2492.65,2705.94,2740.21,2349.78,2300,,,,,,,,,,,,,,,,
,ND,0,0.0416,0.0832,0.125,0.166,0.208,0.25,0.291,0.333,0.374,0.416,0.458,0.499,0.541,0.582,0.624,0.666,0.707,0.749,0.79,0.832,0.873,0.915,0.957,0.998,1,,,,,,,,,,,,,,,,
36,I,1070,1090.42,1324.31,1388.96,1385.34,1494.11,1455.4,1490.46,1505.08,1569.79,1572.99,1613.17,1587.1,1625.17,1676.24,1681.97,1724.64,1858.43,2016.31,1840.04,1458.57,1426,,,,,,,,,,,,,,,,,,,,
,ND,0,0.0485,0.097,0.146,0.194,0.243,0.291,0.34,0.388,0.437,0.485,0.534,0.582,0.631,0.679,0.728,0.776,0.825,0.873,0.922,0.97,1,,,,,,,,,,,,,,,,,,,,
41,I,1073,1131,1203,1345,1447,1472,1500,1412,1353,1308,1233,1260,1305,1331,1340,1396,1486,1401,1304,1332,1420,1491,1530,1592,1779,2067,2311,2375,2107,,,,,,,,,,,,,
,ND,0,0.0357,0.0714,0.107,0.143,0.179,0.214,0.25,0.286,0.321,0.357,0.393,0.429,0.464,0.5,0.536,0.571,0.607,0.643,0.679,0.714,0.75,0.786,0.821,0.857,0.893,0.929,0.964,1,,,,,,,,,,,,,
44,I,908,957.91,1062.71,1214.03,1317.51,1408.45,1453.74,1435.59,1430.88,1443.82,1405.39,1436.95,1454.11,1457.42,1500.16,1530.56,1553.03,1607.81,1664.24,1768.08,1864.54,2009.75,2160.83,2290.04,2388.39,2506.18,2660.08,2801.64,2838.71,2692.41,2366.05,1982.8,1678.79,1628,,,,,,,,
,ND,0,0.0311,0.0621,0.0932,0.124,0.155,0.186,0.217,0.248,0.279,0.311,0.342,0.373,0.404,0.435,0.466,0.497,0.528,0.559,0.59,0.621,0.652,0.683,0.714,0.745,0.776,0.807,0.838,0.869,0.901,0.932,0.963,0.994,1,,,,,,,,
51,I,2443,2780.6,2865.28,2691.9,2593.97,2581.66,2607.14,2693.77,2753.66,2721.35,2685.32,2690.38,2684.32,2752.76,2795.31,2860.59,2895.48,2897.07,2802.21,2727.81,2656.38,2599.4,2568.42,2569.11,2700.88,3025.03,3175.94,3311.39,3088.9,2644.09,2643.16,2610.65,2661.04,,,,,,,,,
,ND,0,0.0308,0.0616,0.0925,0.123,0.154,0.185,0.216,0.247,0.277,0.308,0.339,0.37,0.401,0.431,0.462,0.493,0.524,0.555,0.586,0.616,0.647,0.678,0.709,0.74,0.77,0.801,0.832,0.863,0.894,0.925,0.955,1,,,,,,,,,
56,I,1598,1683.27,1876.41,2070.34,2209.47,2228.1,2225.56,2205.04,2126.38,2016.14,1905.14,1949.15,2098.81,2303.29,2292.74,2276.21,2192,2073.15,1947.36,1972.58,2098.44,2258.86,2601.73,3299.55,3825.6,3862.25,3157.29,2318.85,1650.84,1580.02,1580.16,1543,,,,,,,,,,
,ND,0,0.0331,0.0662,0.0992,0.132,0.165,0.198,0.232,0.265,0.298,0.331,0.364,0.397,0.43,0.463,0.496,0.529,0.562,0.595,0.628,0.662,0.695,0.728,0.761,0.794,0.827,0.86,0.893,0.926,0.959,0.992,1,,,,,,,,,,
58,I,1231,1318.66,1409.02,1518.38,1622.51,1653.39,1601.6,1512.38,1580.19,1638.8,1731.13,1909.15,2010.54,2054.22,2030.7,2025.41,2171.25,2443.33,2705.01,2747.56,2620.85,2419.03,2233.04,2051.27,2029.86,,,,,,,,,,,,,,,,,
,ND,0,0.0416,0.0832,0.125,0.166,0.208,0.25,0.291,0.333,0.374,0.416,0.458,0.499,0.541,0.582,0.624,0.666,0.707,0.749,0.79,0.832,0.873,0.915,0.957,1,,,,,,,,,,,,,,,,,
64,I,960,952.15,967.67,990.07,1022.43,1092.96,1148.21,1187.3,1201.79,1219.45,1237.7,1254.28,1265.94,1257.9,1270.71,1264.22,1264.29,1291.58,1413.06,1653.02,1946.93,2131.87,2092.23,1825.4,1627,,,,,,,,,,,,,,,,,
,ND,0,0.0424,0.0847,0.127,0.169,0.212,0.254,0.297,0.339,0.381,0.424,0.466,0.508,0.551,0.593,0.636,0.678,0.72,0.763,0.805,0.847,0.89,0.932,0.975,1,,,,,,,,,,,,,,,,,
70,I,1182,1258.06,1323.73,1388.06,1442.48,1446.39,1435.52,1391.62,1361.93,1336.76,1306.33,1300.75,1310,1320.01,1345.25,1376.07,1398.47,1421.2,1443.04,1436.95,1439.76,1491.91,1574.59,1699.86,1861.79,2031.35,2182.07,2117.61,2008,,,,,,,,,,,,,
,ND,0,0.0362,0.0723,0.108,0.145,0.181,0.217,0.253,0.289,0.325,0.362,0.398,0.434,0.47,0.506,0.542,0.578,0.615,0.651,0.687,0.723,0.759,0.795,0.832,0.868,0.904,0.94,0.976,1,,,,,,,,,,,,,
72,I,1274,1395.68,1530.93,1628.16,1711.81,1766.91,1776.32,1768.69,1771.25,1762.46,1795.78,1805.11,1825.99,1872.38,1920.7,1938.09,1923.59,1815.15,1726.68,1699.69,1738.25,1813.42,1867.49,1803.5,1745.18,1690.05,1631.48,1626.81,1600.3,1645.28,1760.34,1965.54,2409.39,2850.31,3009.9,2750.03,2319.75,1926.29,,,,
,ND,0,0.027,0.054,0.0811,0.108,0.135,0.162,0.189,0.216,0.243,0.27,0.297,0.324,0.351,0.378,0.405,0.432,0.459,0.486,0.513,0.54,0.567,0.594,0.621,0.648,0.675,0.702,0.729,0.756,0.783,0.811,0.838,0.865,0.892,0.919,0.946,0.973,1,,,,
75,I,711,799.95,875.35,947.66,987.79,1009.7,1029.24,1050.6,1081.69,1102.43,1139.02,1156.07,1165.38,1185.49,1202.64,1202.59,1205.2,1205.01,1213.49,1224.38,1212.1,1233.64,1240,1232.52,1242.27,1223.53,1232.85,1247.25,1256.52,1301.99,1363.27,1515.4,1683.8,1793.12,1724.43,1538.5,1334.67,1257,,,,
,ND,0,0.0275,0.0549,0.0824,0.11,0.137,0.165,0.192,0.22,0.247,0.275,0.302,0.33,0.357,0.385,0.412,0.44,0.467,0.494,0.522,0.549,0.577,0.604,0.632,0.659,0.687,0.714,0.742,0.769,0.797,0.824,0.852,0.879,0.907,0.934,0.962,0.989,1,,,,
77,I,2094,2289.56,2415.7,2420.17,2438.85,2417.44,2375.07,2319.98,2289.46,2289.42,2341.59,2363.2,2325.58,2389.03,2315.92,2349.98,2412.5,2478.18,2462.7,2667,2824.6,3413.9,3437.35,3390.23,3316.44,3131.05,2958.52,2939.75,2630.24,2578.18,2562.7,,,,,,,,,,,
,ND,0,0.033,0.0661,0.0991,0.132,0.165,0.198,0.231,0.264,0.297,0.33,0.363,0.396,0.43,0.463,0.496,0.529,0.562,0.595,0.628,0.661,0.694,0.727,0.76,0.793,0.826,0.859,0.892,0.925,0.958,1,,,,,,,,,,,
78,I,850,874.76,839.3,911.68,934.22,1116.27,1204.76,1203.05,1136.47,963.52,930.35,926.23,964.19,912.16,963.09,971.91,921.48,975.88,933.17,923.08,923.25,909.41,993.36,999.7,914.74,920.6,940.76,930.35,921,,,,,,,,,,,,,
,ND,0,0.0366,0.0732,0.11,0.146,0.183,0.22,0.256,0.293,0.33,0.366,0.403,0.439,0.476,0.513,0.549,0.586,0.622,0.659,0.696,0.732,0.769,0.805,0.842,0.879,0.915,0.952,0.989,1,,,,,,,,,,,,,
80,I,1372,1389.07,1370.98,1330.82,1343.45,1416.95,1471.15,1483.9,1476.17,1478.56,1492.05,1488.12,1462.25,1394.87,1334.65,1372.34,1496.53,1678.68,1814.74,2022,2009.6,1901.31,1908,1860,,,,,,,,,,,,,,,,,,
,ND,0,0.0441,0.0882,0.132,0.176,0.221,0.265,0.309,0.353,0.397,0.441,0.485,0.529,0.573,0.618,0.662,0.706,0.75,0.794,0.838,0.882,0.926,0.97,1,,,,,,,,,,,,,,,,,,
a,I,1148,1251.57,1346.28,1334.24,1330.84,1386.1,1475.5,1492.37,1447.58,1476.55,1464.96,1410.13,1459.96,1475.98,1337.24,1281.83,1302.45,1367.5,1378.28,1428.29,1505.33,1458.69,1483.5,1476.35,1447.51,1487.36,1465.19,1531.17,1666.5,1918.75,2220.72,2421.23,2211.2,1874.18,1750,,,,,,,
,ND,0,0.03,0.0601,0.0901,0.12,0.15,0.18,0.21,0.24,0.27,0.3,0.33,0.361,0.391,0.421,0.451,0.481,0.511,0.541,0.571,0.601,0.631,0.661,0.691,0.721,0.751,0.781,0.811,0.841,0.871,0.901,0.931,0.961,0.991,1,,,,,,,
b,I,1130.5,1130.37,1173.58,1281.6,1466.27,1553.88,1567.27,1555.63,1501.37,1512.04,1490.67,1485.84,1470.4,1511.02,1600,1599.69,1626.4,1557.72,1513.24,1594.33,1646.65,1640.65,1663.55,1663.37,1620.27,1690.88,1763.56,1927.65,2119.42,2500.99,2712.16,2680.41,2493,,,,,,,,,
,ND,0,0.0314,0.0628,0.0943,0.126,0.157,0.189,0.22,0.251,0.283,0.314,0.346,0.377,0.408,0.44,0.471,0.503,0.534,0.566,0.597,0.628,0.66,0.691,0.723,0.754,0.785,0.817,0.848,0.88,0.911,0.943,0.974,1,,,,,,,,,
c,I,1193,1387.6,1414.04,1493.58,1559.99,1614.21,1624.73,1639.09,1664.1,1664.72,1704.63,1686.94,1698.53,1724.47,1688.22,1710.64,1926.13,2241.18,2415.17,2465.36,2470.2,2150.43,1811.41,1677,,,,,,,,,,,,,,,,,,
,ND,0,0.0445,0.089,0.133,0.178,0.222,0.267,0.311,0.356,0.4,0.445,0.489,0.534,0.578,0.623,0.667,0.712,0.756,0.801,0.845,0.89,0.934,0.979,1,,,,,,,,,,,,,,,,,,
d,I,1070,1110.15,1124.6,1179.05,1181.24,1216.72,1202.77,1190.31,1182.27,1169.99,1217.16,1210.52,1188.22,1190.69,1171.31,1233.36,1210.95,1279.62,1253.52,1218.77,1190.25,1235.81,1270.9,1291.18,1275.3,1218.48,1236.57,1301.75,1364.46,1499.03,1713.68,1885.34,1973.44,1827.45,1778,,,,,,,
,ND,0,0.0301,0.0602,0.0902,0.12,0.15,0.18,0.211,0.241,0.271,0.301,0.331,0.361,0.391,0.421,0.451,0.481,0.511,0.541,0.572,0.602,0.632,0.662,0.692,0.722,0.752,0.782,0.812,0.842,0.872,0.902,0.933,0.963,0.993,1,,,,,,,
e,I,1732,1707.79,1735.89,1912.34,2014.81,2072.6,2122.9,2121.08,2168.5,2192.64,2205.84,2228.97,2251.81,2239.55,2237.18,2184.76,2180.02,2282.28,2242.52,2260.06,2222.39,2239.26,2387.72,2456.74,2609,2625.81,2719.31,2962.89,2667.08,2503.59,2483,,,,,,,,,,,
,ND,0,0.0336,0.0673,0.101,0.135,0.168,0.202,0.235,0.269,0.303,0.336,0.37,0.404,0.437,0.471,0.505,0.538,0.572,0.605,0.639,0.673,0.706,0.74,0.774,0.807,0.841,0.874,0.908,0.942,0.975,1,,,,,,,,,,,
f,I,1066,1066.99,1195.82,1184.21,1183.66,1122.93,1135.18,1124.37,1136.67,1155.46,1175.33,1215.04,1270.38,1283.38,1263.31,1243.48,1172.02,1201.19,1200.3,1217.81,1235.8,1240.25,1310.53,1589.39,1885.98,1933.2,1716.46,1694,,,,,,,,,,,,,,
,ND,0,0.0372,0.0743,0.111,0.149,0.186,0.223,0.26,0.297,0.334,0.372,0.409,0.446,0.483,0.52,0.557,0.595,0.632,0.669,0.706,0.743,0.78,0.818,0.855,0.892,0.929,0.966,1,,,,,,,,,,,,,,
j,I,928,1025.3,1103.34,1094.56,1151.03,1134.56,1147.41,1198.13,1218.31,1181.47,1149.23,1168.28,1156.27,1131,1115.98,1214.92,1156.66,1283.21,1450.41,1660.02,1653.1,1342.92,921,,,,,,,,,,,,,,,,,,,
,ND,0,0.0456,0.0912,0.137,0.182,0.228,0.274,0.319,0.365,0.41,0.456,0.502,0.547,0.593,0.638,0.684,0.73,0.775,0.821,0.866,0.912,0.958,1,,,,,,,,,,,,,,,,,,,
k,I,640,692.37,721.85,796.51,771.26,768.71,793.54,779.86,767.61,771.69,781.11,797.13,793.76,833.5,832.33,812.2,787.52,783.93,769.8,789.63,777.4,821.65,819,860.17,875.13,928.76,1006.48,1106.84,1190.05,1166.14,1099.19,969.48,793.61,696.77,637,,,,,,,
,ND,0,0.0296,0.0591,0.0887,0.118,0.148,0.177,0.207,0.236,0.266,0.296,0.325,0.355,0.384,0.414,0.443,0.473,0.502,0.532,0.562,0.591,0.621,0.65,0.68,0.709,0.739,0.768,0.798,0.827,0.857,0.887,0.916,0.946,0.975,1,,,,,,,
l,I,548,612.09,676.4,805.87,855,881.51,924.07,956.45,920.06,912.09,932.43,899.53,936.18,912.22,910.73,921.17,941.93,925.16,976.59,1104.48,1146.78,974.94,771.99,769,,,,,,,,,,,,,,,,,,
,ND,0,0.0447,0.0894,0.134,0.179,0.224,0.268,0.313,0.358,0.402,0.447,0.492,0.537,0.581,0.626,0.671,0.716,0.76,0.805,0.85,0.894,0.939,0.984,1,,,,,,,,,,,,,,,,,,
n,I,2045,2048.46,2091.29,2157.75,2462.21,2612.59,2674.32,2695.85,2779.32,2811.64,2741.56,2845.52,2817.7,2759.01,2807.22,2748.17,2708.27,2720.28,2799.1,3045.72,3330.09,3664.12,3626.54,3238.4,2805.64,2721,,,,,,,,,,,,,,,,
,ND,0,0.0413,0.0827,0.124,0.165,0.207,0.248,0.289,0.331,0.372,0.413,0.455,0.496,0.537,0.579,0.62,0.662,0.703,0.744,0.786,0.827,0.868,0.91,0.951,0.992,1,,,,,,,,,,,,,,,,
q,I,1451,1459.28,1522.32,1524.55,1586.17,1607.69,1633.4,1633.19,1616.64,1586.7,1606.61,1578.12,1558.49,1582.12,1604.83,1573.53,1533.06,1581.68,1607.63,1642.6,1648.58,1719.54,1807.21,1810.89,1850.1,1922.18,1970.37,2022.27,2028.5,2092.13,2341.36,2667.18,2894.72,2913.02,2596.07,2306,,,,,,
,ND,0,0.029,0.058,0.087,0.116,0.145,0.174,0.203,0.232,0.261,0.29,0.319,0.348,0.377,0.406,0.435,0.464,0.493,0.522,0.551,0.58,0.609,0.638,0.667,0.696,0.725,0.754,0.783,0.812,0.841,0.87,0.899,0.928,0.957,0.986,1,,,,,,
t,I,1021,1024.61,1015.73,1004.91,1047.52,1049.23,1078.46,1100.81,1108.98,1085.08,1061.93,1075.46,1089.52,1074.54,1131.32,1068.36,1107.25,1124.7,1107.1,1153.81,1230.96,1333.63,1380.42,1380.97,1335.69,1197.01,1084.29,967,,,,,,,,,,,,,,
,ND,0,0.0371,0.0743,0.111,0.149,0.186,0.223,0.26,0.297,0.334,0.371,0.409,0.446,0.483,0.52,0.557,0.594,0.631,0.669,0.706,0.743,0.78,0.817,0.854,0.891,0.928,0.966,1,,,,,,,,,,,,,,
v,I,1044,1089.97,1034.63,1099.39,1098.09,1114.5,1119.98,1115.02,1190.01,1152.61,1098.88,1154.44,1178.1,1156.99,1109.67,1117.13,1289.23,1360.72,1417.57,1591.17,1634.18,1428.4,1271.05,1210,,,,,,,,,,,,,,,,,,
,ND,0,0.0438,0.0876,0.131,0.175,0.219,0.263,0.307,0.35,0.394,0.438,0.482,0.526,0.57,0.613,0.657,0.701,0.745,0.789,0.832,0.876,0.92,0.964,1,,,,,,,,,,,,,,,,,,
z,I,1614,1771.67,1948.75,1972.06,1972.66,1963.8,2012.61,2022.55,2053.96,2102.61,2087.66,2112.17,2138.92,2128.9,2065.24,2061.75,2052.47,2036.61,2019.34,2094,2053.53,2042.58,2141.03,2192.36,2245.58,2292.97,2405.89,2568.92,2656.78,2315.64,2129.5,2093,,,,,,,,,,
,ND,0,0.033,0.0661,0.0991,0.132,0.165,0.198,0.231,0.264,0.297,0.33,0.363,0.396,0.43,0.463,0.496,0.529,0.562,0.595,0.628,0.661,0.694,0.727,0.76,0.793,0.826,0.859,0.892,0.925,0.958,0.991,1,,,,,,,,,,
1,I,588,599.38,628.55,709.45,719.78,745.16,726.25,723.21,740.28,806.18,746.81,768.83,771.32,763.26,758.96,749.15,738.38,724.18,700.33,744.96,749.84,710.88,679.23,757.12,852.31,1046.63,1397.43,1682.97,1739.02,1519.53,1221,,,,,,,,,,,
,ND,0,0.0335,0.067,0.101,0.134,0.168,0.201,0.235,0.268,0.302,0.335,0.369,0.402,0.436,0.469,0.503,0.536,0.57,0.603,0.637,0.67,0.704,0.737,0.771,0.804,0.838,0.872,0.905,0.939,0.972,1,,,,,,,,,,,
2,I,1253,1366.97,1430.86,1421.69,1468.27,1482.02,1472.2,1572.72,1538.9,1542.68,1546.34,1541.18,1569.37,1515.32,1517.83,1461.46,1536.67,1539.62,1562.75,1559.68,1506.25,1445.77,1497.47,1551.14,1505.51,1528.77,1609.62,1602.03,1664.27,1805.59,1948.35,2068.45,2110.09,2141.5,1863.68,1720.85,1542.42,1520,,,,
,ND,0,0.0277,0.0554,0.083,0.111,0.138,0.166,0.194,0.221,0.249,0.277,0.305,0.332,0.36,0.388,0.415,0.443,0.471,0.498,0.526,0.554,0.581,0.609,0.637,0.664,0.692,0.72,0.747,0.775,0.803,0.83,0.858,0.886,0.914,0.941,0.969,0.997,1,,,,
3,I,1185,1500.84,1782.99,2005.69,2206.16,2327.37,2401.62,2507.2,2489.46,2555.5,2582.94,2654.22,2682.08,2678.62,2714.62,2668.3,2729.43,2696.7,2685.95,2691.7,2623.21,2665.04,2654.73,2669.92,2625.65,2559.96,2597.25,2849.09,3310.67,3639.13,3869.93,3753.22,3157.17,2441.31,1833,,,,,,,
,ND,0,0.0294,0.0589,0.0883,0.118,0.147,0.177,0.206,0.235,0.265,0.294,0.324,0.353,0.383,0.412,0.442,0.471,0.5,0.53,0.559,0.589,0.618,0.648,0.677,0.706,0.736,0.765,0.795,0.824,0.854,0.883,0.913,0.942,0.971,1,,,,,,,
7,I,2661,2807.63,2746.08,2581.77,2309.02,2008.77,2038.98,2010.87,2076.01,2197.4,2181.22,2214.23,2187.05,2215,2265.4,2288.99,2244.12,2141.21,2231.55,2280.44,2264.54,2204.64,2181.21,2223.73,2248.53,2244.22,2248.83,2270.97,2269.96,2191.89,2249.56,2376.46,2478.68,2632.5,2753.91,2915.92,3118.65,3419.87,3810.97,4073.88,4090,4095
,ND,0,0.0247,0.0494,0.0741,0.0989,0.124,0.148,0.173,0.198,0.222,0.247,0.272,0.297,0.321,0.346,0.371,0.395,0.42,0.445,0.47,0.494,0.519,0.544,0.568,0.593,0.618,0.643,0.667,0.692,0.717,0.741,0.766,0.791,0.816,0.84,0.865,0.89,0.914,0.939,0.964,0.989,1
8_1,I,897,1031.96,1195.63,1267.27,1336.03,1360.74,1318.9,1313.36,1360.62,1365.23,1351.37,1369.14,1358.33,1339.75,1335.5,1358.87,1410.44,1389.84,1467.58,1431.22,1450.83,1599.47,1657.23,1718.37,1691.04,1520.44,1297.7,1093,,,,,,,,,,,,,,
,ND,0,0.0373,0.0745,0.112,0.149,0.186,0.224,0.261,0.298,0.335,0.373,0.41,0.447,0.484,0.522,0.559,0.596,0.634,0.671,0.708,0.745,0.783,0.82,0.857,0.894,0.932,0.969,1,,,,,,,,,,,,,,
8_2,I,777,772.2,784.47,778.25,779.68,779.82,762.61,781.45,774.5,783.94,779.61,759.17,740.19,692.54,687.59,744.3,736.21,719.34,723.54,733.65,754.96,738.86,725.1,764.86,741.74,731.16,749.17,807.34,831.19,868.83,861.82,885.51,942.95,1023.97,1044.13,1124.7,1040,998,,,,
,ND,0,0.0275,0.055,0.0825,0.11,0.138,0.165,0.193,0.22,0.248,0.275,0.303,0.33,0.358,0.385,0.413,0.44,0.468,0.495,0.523,0.55,0.578,0.605,0.633,0.66,0.688,0.715,0.743,0.77,0.798,0.825,0.853,0.88,0.908,0.935,0.963,0.99,1,,,,
8_4,I,719,841.3,1019.01,1189.97,1362.94,1467.33,1523.78,1554.88,1620.04,1614.99,1739.63,1765.29,1728.98,1716.05,1741.31,1801.74,1936.67,2171.34,2385.55,2444.55,2226.09,1754.7,1341,,,,,,,,,,,,,,,,,,,
,ND,0,0.0456,0.0912,0.137,0.182,0.228,0.274,0.319,0.365,0.41,0.456,0.502,0.547,0.593,0.638,0.684,0.73,0.775,0.821,0.866,0.912,0.958,1,,,,,,,,,,,,,,,,,,,
8_5,I,1421,1518.42,1542.26,1671.83,1733.17,1725.21,1764.58,1821.82,1836.18,1853.28,1890.14,1896.66,1890.81,1917.65,1964.94,1989.26,2012.82,2101.16,2304.28,2544.52,2701.04,2376.1,1880,,,,,,,,,,,,,,,,,,,
,ND,0,0.0458,0.0916,0.137,0.183,0.229,0.275,0.321,0.366,0.412,0.458,0.504,0.549,0.595,0.641,0.687,0.733,0.778,0.824,0.87,0.916,0.962,1,,,,,,,,,,,,,,,,,,,
10,I,1181,1520.19,1917.74,2145.47,2201.65,2155.76,2094.73,2089.96,2081.97,2087.73,2064.64,2206.34,2269.06,2319.23,2468.67,2694.36,3016.83,3291.67,3478.28,3550.01,3130.04,2376.87,1840.51,,,,,,,,,,,,,,,,,,,
,ND,0,0.0447,0.0894,0.134,0.179,0.224,0.268,0.313,0.358,0.402,0.447,0.492,0.537,0.581,0.626,0.671,0.716,0.76,0.805,0.85,0.894,0.939,1,,,,,,,,,,,,,,,,,,,
11,I,2732,2704.65,2706.61,2701.29,2756.81,2752.99,2746.06,2743.98,2838.61,2723.86,2702.71,2636,2639.5,2660.03,2657.01,2691.53,2575.72,2635.71,2659.34,2665.77,2661.86,2719.64,2596.94,2702.41,2694.94,2769.52,2784.95,2809.67,2958.36,3210.1,3555.36,4045.28,4080.56,4095,4050,,,,,,,
,ND,0,0.029,0.058,0.087,0.116,0.145,0.174,0.203,0.232,0.261,0.29,0.319,0.348,0.377,0.406,0.435,0.464,0.493,0.522,0.551,0.58,0.609,0.638,0.667,0.696,0.725,0.754,0.783,0.812,0.841,0.87,0.899,0.928,0.957,1,,,,,,,
54,I,1810,2313.7,2593.07,2564.97,2276.45,2036.11,1851.05,1763.75,1700.47,1734.74,1833.77,1981.33,1985.69,1945.54,2006.05,2020.98,2102.85,2132.25,2078.89,1994.97,1928.48,2036.06,2283.48,2667.97,2971.67,2807.48,2219.06,1654.32,1589.2,1535,,
,ND,0,0.0355,0.071,0.107,0.142,0.178,0.213,0.249,0.284,0.32,0.355,0.391,0.426,0.462,0.497,0.533,0.568,0.604,0.639,0.675,0.71,0.746,0.781,0.817,0.852,0.888,0.923,0.959,0.994,1,,
60,I,1070,1153.53,1350.41,1650.28,1972.74,2083.75,1877.2,1622.63,1467.65,1468.81,1510.39,1505.05,1552.52,1606.06,1672.75,1749.16,1893.56,2090.4,2297.19,2323.24,2123.35,1778.58,1441.2,1198.14,1059.28,1076.5,,,,,,
,ND,0,0.0399,0.0797,0.12,0.159,0.199,0.239,0.279,0.319,0.359,0.399,0.439,0.478,0.518,0.558,0.598,0.638,0.678,0.718,0.758,0.797,0.837,0.877,0.917,0.957,1,,,,,,
62,I,1215,1260.8,1400.52,1594.6,1882.57,2273.37,2594.22,2789.34,2848.73,2717.48,2556.34,2371.84,2216.34,2132.33,2118.35,2066.78,1980.2,1938.88,1939.55,1851.87,1716.1,1606.17,1569.66,1596.73,1688.22,1837.62,2095.45,2422.6,2713.35,2925.31,2673.46,2200.42
,ND,0,0.0319,0.0639,0.0958,0.128,0.16,0.192,0.224,0.256,0.287,0.319,0.351,0.383,0.415,0.447,0.479,0.511,0.543,0.575,0.607,0.639,0.671,0.703,0.735,0.767,0.799,0.831,0.862,0.894,0.926,0.958,1
h,I,721,893.4,1091.94,1339.96,1505.25,1617.43,1552.94,1438.83,1374.3,1279.84,1248.11,1234.77,1208.4,1256.29,1314.23,1330.3,1404.1,1361.39,1273.67,1335.91,1306.34,1220.43,1254.64,1389.46,1696.06,1879.21,2052.39,1914.18,1694.62,1371,,
,ND,0,0.0347,0.0693,0.104,0.139,0.173,0.208,0.243,0.277,0.312,0.347,0.381,0.416,0.451,0.485,0.52,0.555,0.589,0.624,0.659,0.693,0.728,0.763,0.797,0.832,0.867,0.901,0.936,0.971,1,,
o,I,1700,1857.59,2127.91,2300.93,2247.8,2165.96,2098.67,2076.88,2037.35,1992.53,1912.76,1888.66,1904.93,1894.05,1831.28,1810.77,1867.11,1907.88,1911.81,1934.39,1917.79,1920.69,2005.18,2102.37,2218.84,2299.25,2348.41,2287.57,2143.56,1989,,
,ND,0,0.0346,0.0693,0.104,0.139,0.173,0.208,0.243,0.277,0.312,0.346,0.381,0.416,0.45,0.485,0.52,0.554,0.589,0.624,0.658,0.693,0.728,0.762,0.797,0.832,0.866,0.901,0.935,0.97,1,,
s,I,1133,1427,2041,2470,2665,2266,1877,1441,1412,1403,1415,1529,1735,1719,1752,1722,1723,1782,1626,1708,1868,2111,2280,2003,1816,1436,,,,,,
,ND,0,0.04,0.08,0.12,0.16,0.2,0.24,0.28,0.32,0.36,0.4,0.44,0.48,0.52,0.56,0.6,0.64,0.68,0.72,0.76,0.8,0.84,0.88,0.92,0.96,1,,,,,,
