1,I,1741,1858.33,1884.13,1933.46,1958.59,1991.81,1961.31,1940.43,1946.67,2007.35,1998.08,1969.63,1912.7,1943.87,1988.46,1950.2,1977.07,2048.55,2013.48,2051.21,1982.92,1962.22,1923.16,1928.34,1889.62,1906.86,1901.94,1868.85,1795.85,1777.27,1630.43,1569,,,,,,,,,,,,,
,ND,0,0.0325,0.0649,0.0974,0.13,0.162,0.195,0.227,0.26,0.292,0.325,0.357,0.39,0.422,0.454,0.487,0.519,0.552,0.584,0.617,0.649,0.682,0.714,0.747,0.779,0.812,0.844,0.876,0.909,0.941,0.974,1,,,,,,,,,,,,,
2,I,1728,1791.2,1728.84,1796,1762.97,1763.46,1793.04,1812.22,1816.33,1806.82,1852.34,1838.36,1843.85,1803.9,1763.98,1817.84,1814.87,1830.65,1883.03,1840.21,1795.22,1880.69,1826.03,1774.47,1787.07,1738.31,1667.42,1557.44,1512,,,,,,,,,,,,,,,,
,ND,0,0.0361,0.0721,0.108,0.144,0.18,0.216,0.252,0.288,0.325,0.361,0.397,0.433,0.469,0.505,0.541,0.577,0.613,0.649,0.685,0.721,0.757,0.793,0.829,0.865,0.902,0.938,0.974,1,,,,,,,,,,,,,,,,
3,I,1876,1872.12,1858.26,1894.61,1995.71,1970.95,1867.8,1938.49,1917.92,1985.06,1994.73,1917.74,1858.66,1978.58,1914.56,1932.3,1920.28,1942.99,1917.42,1891.36,1877.91,1874,,,,,,,,,,,,,,,,,,,,,,,
,ND,0,0.0494,0.0989,0.148,0.198,0.247,0.297,0.346,0.396,0.445,0.494,0.544,0.593,0.643,0.692,0.742,0.791,0.841,0.89,0.939,0.989,1,,,,,,,,,,,,,,,,,,,,,,,
4,I,1670,1688.44,1798.31,1912.94,1987.35,1972.86,2054.63,2117.79,2049.08,2092.52,2161.35,2174.87,2075.32,2128.62,2134.12,2180.48,2254.53,2187.89,2174.09,2131.17,2024.34,1952.26,1932,,,,,,,,,,,,,,,,,,,,,,
,ND,0,0.0462,0.0925,0.139,0.185,0.231,0.277,0.324,0.37,0.416,0.462,0.508,0.555,0.601,0.647,0.693,0.74,0.786,0.832,0.878,0.925,0.971,1,,,,,,,,,,,,,,,,,,,,,,
5,I,1874,1973.63,1952.77,1941.06,1873.22,1857.36,1898.04,1880.98,1843.1,1799.91,1888.1,1914.64,1913.23,1979.61,1986.88,2040.33,2033.76,2034.35,2040.02,2040.49,2015.03,2019.95,2003.27,1964.7,1913.91,1978.4,1851.56,1742.34,1764,,,,,,,,,,,,,,,,
,ND,0,0.0362,0.0723,0.108,0.145,0.181,0.217,0.253,0.289,0.325,0.362,0.398,0.434,0.47,0.506,0.542,0.578,0.615,0.651,0.687,0.723,0.759,0.795,0.832,0.868,0.904,0.94,0.976,1,,,,,,,,,,,,,,,,
6,I,1613,1624.92,1650.73,1688.35,1762.94,1740.03,1792.79,1787.21,1810.32,1834.51,1798.35,1782.36,1811.64,1814.79,1839.22,1813.49,1823.54,1810.81,1788.18,1769.89,1812.47,1782.99,1802,,,,,,,,,,,,,,,,,,,,,,
,ND,0,0.0462,0.0925,0.139,0.185,0.231,0.277,0.324,0.37,0.416,0.462,0.508,0.555,0.601,0.647,0.693,0.74,0.786,0.832,0.878,0.925,0.971,1,,,,,,,,,,,,,,,,,,,,,,
7,I,1764,1848.2,1864.17,1910.46,2003.66,1965.84,1927.02,1960.63,1959.21,1934.39,1989.91,1987.6,2077,2026.18,2070.75,1923.35,1761,1677.23,1573.9,1571,,,,,,,,,,,,,,,,,,,,,,,,,
,ND,0,0.0555,0.111,0.166,0.222,0.277,0.333,0.388,0.444,0.499,0.555,0.61,0.666,0.721,0.777,0.832,0.888,0.943,0.998,1,,,,,,,,,,,,,,,,,,,,,,,,,
8,I,1515,1551.61,1555.24,1580.95,1607.86,1621.45,1638.69,1680.63,1709.42,1716.71,1652.4,1720.41,1764.49,1752.46,1755.85,1746.04,1711.66,1736.26,1722.54,1737.42,1679.78,1709.69,1735.67,1674,1661.77,1712.53,1734.78,1739.36,1695.5,1650.9,1630,1656.93,1639.08,1611.01,1602,1552.9,1510,,,,,,,,
,ND,0,0.0282,0.0564,0.0846,0.113,0.141,0.169,0.197,0.226,0.254,0.282,0.31,0.338,0.367,0.395,0.423,0.451,0.479,0.507,0.536,0.564,0.592,0.62,0.648,0.677,0.705,0.733,0.761,0.789,0.818,0.846,0.874,0.902,0.93,0.959,0.987,1,,,,,,,,
9,I,1571,1595.84,1535.51,1589.83,1525.21,1549.35,1654.64,1674.41,1679.83,1631.93,1623.38,1668.98,1728.47,1666.76,1626.51,1648.9,1641.7,1646.38,1644.39,1637.87,1686.01,1663.82,1621.8,1631.61,1678.31,1697.76,1641.32,1576.69,1601.65,1549.88,1542.85,1569.8,1497,,,,,,,,,,,,
,ND,0,0.0313,0.0626,0.0939,0.125,0.156,0.188,0.219,0.25,0.282,0.313,0.344,0.376,0.407,0.438,0.469,0.501,0.532,0.563,0.595,0.626,0.657,0.689,0.72,0.751,0.782,0.814,0.845,0.876,0.908,0.939,0.97,1,,,,,,,,,,,,
10,I,1690,1672.63,1679.06,1715.37,1781.31,1744.78,1756.38,1794.13,1774.45,1773.13,1775.06,1778.42,1811.86,1738.22,1690.72,1716.79,1796.55,1767.31,1764.62,1729.52,1809.22,1788.69,1728.55,1701.8,1653.01,1671.11,1681.57,1730.54,1613,,,,,,,,,,,,,,,,
,ND,0,0.0359,0.0718,0.108,0.144,0.179,0.215,0.251,0.287,0.323,0.359,0.395,0.431,0.467,0.503,0.538,0.574,0.61,0.646,0.682,0.718,0.754,0.79,0.826,0.862,0.897,0.933,0.969,1,,,,,,,,,,,,,,,,
11,I,1590,1657.54,1649.68,1706.73,1683.68,1634.6,1630.77,1662.34,1723.77,1621.24,1622.73,1627.65,1672.5,1670.44,1695.79,1697.11,1713.7,1726.26,1686.71,1636.08,1643.89,1674.44,1670.45,1658.28,1671.49,1705.31,1648.03,1656.94,1679.14,1700.25,1724.11,1688.63,1662,,,,,,,,,,,,
,ND,0,0.0317,0.0633,0.095,0.127,0.158,0.19,0.222,0.253,0.285,0.317,0.348,0.38,0.412,0.443,0.475,0.507,0.538,0.57,0.602,0.633,0.665,0.697,0.728,0.76,0.792,0.823,0.855,0.887,0.918,0.95,0.982,1,,,,,,,,,,,,
12,I,1961,1960.5,1981.05,2002.16,2033.11,1964.14,2016.87,1953.7,2006.32,2025.91,2029.27,2100.98,2117.64,2096.35,2085.79,1969.51,2016.56,2009.85,2107.73,2066.74,2064.86,2041.29,1997.42,1952.34,1949,,,,,,,,,,,,,,,,,,,,
,ND,0,0.0434,0.0869,0.13,0.174,0.217,0.261,0.304,0.347,0.391,0.434,0.478,0.521,0.565,0.608,0.652,0.695,0.738,0.782,0.825,0.869,0.912,0.956,0.999,1,,,,,,,,,,,,,,,,,,,,
13,I,1691,1730.69,1751.78,1721.66,1748.65,1738.56,1724.38,1738.54,1776.5,1776.19,1770.05,1754.99,1789.12,1705.93,1767.15,1759.33,1714.69,1702.7,1682.4,1665.09,1669.01,1657.08,1629.94,1622,,,,,,,,,,,,,,,,,,,,,
,ND,0,0.045,0.0901,0.135,0.18,0.225,0.27,0.315,0.36,0.405,0.45,0.495,0.54,0.585,0.631,0.676,0.721,0.766,0.811,0.856,0.901,0.946,0.991,1,,,,,,,,,,,,,,,,,,,,,
14,I,1552,1621.33,1637.08,1613.01,1640.97,1701.3,1648.91,1649.72,1630.17,1645.51,1691.69,1675.44,1625.43,1609.98,1650.24,1668.69,1666.42,1664.63,1704.86,1760.81,1694.95,1744.19,1731.45,1703.41,1616.3,1682.35,1681.98,1656.85,1606.98,1621.66,1633,,,,,,,,,,,,,,
,ND,0,0.0342,0.0685,0.103,0.137,0.171,0.205,0.24,0.274,0.308,0.342,0.377,0.411,0.445,0.479,0.514,0.548,0.582,0.616,0.651,0.685,0.719,0.753,0.788,0.822,0.856,0.89,0.924,0.959,0.993,1,,,,,,,,,,,,,,
15,I,1759,1771.99,1776.2,1835.11,1823.62,1879.1,1904.03,1984.48,1985.08,1897.15,1911.09,1905.26,1892.76,1922.96,1844.9,1888.01,1821.99,1811.27,1828.91,1805.27,1788.26,1756.28,1789.34,1752.37,1777.42,1709,,,,,,,,,,,,,,,,,,,
,ND,0,0.0405,0.081,0.121,0.162,0.202,0.243,0.283,0.324,0.364,0.405,0.445,0.486,0.526,0.567,0.607,0.648,0.688,0.729,0.769,0.81,0.85,0.891,0.931,0.972,1,,,,,,,,,,,,,,,,,,,
16,I,1558,1592.22,1593.57,1571.07,1611.23,1695.04,1744.22,1717.94,1699.67,1747.06,1748.55,1769.86,1774.43,1719.95,1701.1,1771.91,1807.78,1778.02,1804.98,1785.07,1789.63,1796.24,1690.79,1738.82,1646.51,1641.92,1700,,,,,,,,,,,,,,,,,,
,ND,0,0.039,0.0781,0.117,0.156,0.195,0.234,0.273,0.312,0.351,0.39,0.429,0.469,0.508,0.547,0.586,0.625,0.664,0.703,0.742,0.781,0.82,0.859,0.898,0.937,0.976,1,,,,,,,,,,,,,,,,,,
17,I,1611,1716.27,1748.95,1838.51,1921.22,1948.27,1871.97,1820.51,1815.77,1838.37,1818.4,1806.04,1829.58,1825.15,1851.57,1802.78,1819.15,1816.25,1818.97,1808.38,1858.35,1898.97,1874.08,1912.61,1882.66,1795.18,1846.91,1791.19,1683.62,1722.91,1578.29,1516.87,1510.83,1514.96,1478.57,1475.05,1484,,,,,,,,
,ND,0,0.0282,0.0564,0.0846,0.113,0.141,0.169,0.197,0.226,0.254,0.282,0.31,0.338,0.367,0.395,0.423,0.451,0.479,0.507,0.536,0.564,0.592,0.62,0.648,0.677,0.705,0.733,0.761,0.789,0.818,0.846,0.874,0.902,0.93,0.959,0.987,1,,,,,,,,
18,I,1506,1587.93,1639.87,1660.83,1614.8,1667.73,1694.37,1732.3,1664.66,1647.16,1671.39,1656.46,1673.11,1671.43,1724.79,1628.45,1614.99,1581.21,1681.42,1678.37,1580.75,1582.28,1594.78,1561.13,1585.35,1580.98,1585,,,,,,,,,,,,,,,,,,
,ND,0,0.0393,0.0786,0.118,0.157,0.196,0.236,0.275,0.314,0.354,0.393,0.432,0.471,0.511,0.55,0.589,0.629,0.668,0.707,0.746,0.786,0.825,0.864,0.904,0.943,0.982,1,,,,,,,,,,,,,,,,,,
19,I,1656,1686,1724,1795,1749,1764,1742,1732,1732,1755,1715,1764,1790,1789,1776,1778,1758,1705,1685,1648,1568,1589,1586,1565,,,,,,,,,,,,,,,,,,,,,
,ND,0,0.0435,0.087,0.13,0.174,0.217,0.261,0.304,0.348,0.391,0.435,0.478,0.522,0.565,0.609,0.652,0.696,0.739,0.783,0.826,0.87,0.913,0.957,1,,,,,,,,,,,,,,,,,,,,,
20,I,1421,1423.42,1361.67,1476.42,1442.83,1465.07,1435.42,1460.13,1527.75,1451.98,1406.92,1484.72,1481.21,1479.5,1427.39,1404.08,1407.06,1474.9,1490.73,1418.18,1513.63,1451.15,1495.63,1464.94,1510.41,1440.87,1454.78,1541.8,1438.48,1465.47,1452.37,1367.46,1366,,,,,,,,,,,,
,ND,0,0.0322,0.0645,0.0967,0.129,0.161,0.193,0.226,0.258,0.29,0.322,0.355,0.387,0.419,0.451,0.484,0.516,0.548,0.58,0.613,0.645,0.677,0.709,0.742,0.774,0.806,0.838,0.871,0.903,0.935,0.967,0.999,1,,,,,,,,,,,,
21,I,1768,1772.3,1897.74,1949.47,1987.77,1983.7,2058.77,2060.94,1974.95,1975.61,2013.3,2014.65,2021.3,2056.6,2013.36,1997.72,2012.56,1954.6,1964.79,1911.32,1908.65,1942.22,1907.79,1796.44,1789.02,1788,,,,,,,,,,,,,,,,,,,
,ND,0,0.041,0.0819,0.123,0.164,0.205,0.246,0.287,0.328,0.369,0.41,0.451,0.492,0.533,0.573,0.614,0.655,0.696,0.737,0.778,0.819,0.86,0.901,0.942,0.983,1,,,,,,,,,,,,,,,,,,,
22,I,2048,2091.63,2059.72,2119.51,2136.88,2195.76,2202.33,2212.87,2228.19,2222.32,2225.59,2271.87,2284.53,2222.01,2222.71,2265.53,2246.78,2205.44,2211.01,2133.54,2089.67,2078.11,2015,,,,,,,,,,,,,,,,,,,,,,
,ND,0,0.0464,0.0928,0.139,0.186,0.232,0.279,0.325,0.371,0.418,0.464,0.511,0.557,0.604,0.65,0.696,0.743,0.789,0.836,0.882,0.928,0.975,1,,,,,,,,,,,,,,,,,,,,,,
23,I,1350,1297.45,1279.31,1328.74,1307.54,1303.7,1294.97,1275.42,1302.23,1349.31,1345.81,1350.75,1350.55,1373.68,1383.3,1365.26,1380.87,1334.16,1324.75,1315.25,1349,1334.31,1309.23,1310.92,1293.51,1282.34,1272.73,1280.55,1326.27,1283.96,1286.99,1287,,,,,,,,,,,,,
,ND,0,0.0325,0.0649,0.0974,0.13,0.162,0.195,0.227,0.26,0.292,0.325,0.357,0.39,0.422,0.454,0.487,0.519,0.552,0.584,0.617,0.649,0.682,0.714,0.747,0.779,0.812,0.844,0.876,0.909,0.941,0.974,1,,,,,,,,,,,,,
24,I,1683,1673.65,1705.1,1686.7,1686.59,1676.74,1721.17,1668.99,1660.51,1697.85,1681.55,1616.23,1673.03,1648.32,1641.4,1676.14,1737.51,1671.43,1672.73,1682.2,1711.49,1755.87,1743.82,1744.26,1739.73,1686.29,1628.73,1708.4,1667.5,1587.53,1640.7,1672,,,,,,,,,,,,,
,ND,0,0.0325,0.0649,0.0974,0.13,0.162,0.195,0.227,0.26,0.292,0.325,0.357,0.39,0.422,0.454,0.487,0.519,0.552,0.584,0.617,0.649,0.682,0.714,0.747,0.779,0.812,0.844,0.876,0.909,0.941,0.974,1,,,,,,,,,,,,,
25,I,1784,1906.73,1892.41,1929.74,1963.8,1908.09,1994.07,2054.48,1971.91,1919.2,1950.09,1969.81,2008.31,2043.75,2012.4,2022.47,1981.06,1926.92,1940.98,1891.32,1929.75,1935.52,1971.44,1944.02,1870.53,1789.67,1775.27,1795.87,1778.64,1790,,,,,,,,,,,,,,,
,ND,0,0.0352,0.0704,0.106,0.141,0.176,0.211,0.246,0.281,0.317,0.352,0.387,0.422,0.457,0.493,0.528,0.563,0.598,0.633,0.668,0.704,0.739,0.774,0.809,0.844,0.879,0.915,0.95,0.985,1,,,,,,,,,,,,,,,
26,I,1284,1306.31,1354.53,1346.01,1348.05,1331.21,1338.49,1379.25,1394.13,1394.89,1372.82,1404.07,1398.45,1399.49,1310.42,1299.57,1294.14,1297.72,1331.13,1295.99,1327.32,1351.22,1324.87,1283.91,1285.8,1276.89,1312.57,1317.49,1305.13,1319,,,,,,,,,,,,,,,
,ND,0,0.0352,0.0704,0.106,0.141,0.176,0.211,0.246,0.281,0.317,0.352,0.387,0.422,0.457,0.493,0.528,0.563,0.598,0.633,0.668,0.704,0.739,0.774,0.809,0.844,0.879,0.915,0.95,0.985,1,,,,,,,,,,,,,,,
27,I,1596,1633.46,1711.67,1667.74,1639.73,1723.77,1655.57,1621.6,1621.33,1732.94,1660.33,1658.49,1692.06,1658.65,1726.9,1728.38,1675.84,1647.8,1712.31,1708.65,1692.64,1688.59,1753.8,1681.42,1664.2,1696.66,1680.97,1721.81,1679.81,1720,,,,,,,,,,,,,,,
,ND,0,0.0352,0.0704,0.106,0.141,0.176,0.211,0.246,0.281,0.317,0.352,0.387,0.422,0.457,0.493,0.528,0.563,0.598,0.633,0.668,0.704,0.739,0.774,0.809,0.844,0.879,0.915,0.95,0.985,1,,,,,,,,,,,,,,,
29,I,1610,1637.76,1620.08,1648.69,1705.6,1703.37,1717.23,1722.29,1733.93,1702.83,1705.81,1698.53,1664.43,1661.42,1668.7,1689.03,1694.56,1645.37,1605.81,1651.98,1673.3,1624.33,1647.32,1685.8,1699.19,1643.37,1638.48,1701.43,1671.3,1624.53,1659.44,1688.8,1701.21,1687,,,,,,,,,,,
,ND,0,0.0306,0.0613,0.0919,0.123,0.153,0.184,0.214,0.245,0.276,0.306,0.337,0.368,0.398,0.429,0.459,0.49,0.521,0.551,0.582,0.613,0.643,0.674,0.704,0.735,0.766,0.796,0.827,0.858,0.888,0.919,0.949,0.98,1,,,,,,,,,,,
30,I,1021,1015.08,1020.26,1032.77,1011.87,1031.83,1016.43,1098.12,1079.03,1083.89,1082.13,1095.45,1097.5,1084.31,1096.7,1098.03,1085.61,1066.71,1065.21,1048.26,1021.65,1070.58,1064.73,1056.37,1041.52,1032.75,1046.54,1025.14,1040.89,1029.2,1038.48,1039.14,1058.43,1066.99,1091.26,1083.04,1071.2,1076.67,1093.72,1030.29,1039.98,1051.66,1043.8,1030.65,1025
,ND,0,0.023,0.0461,0.0691,0.0921,0.115,0.138,0.161,0.184,0.207,0.23,0.253,0.276,0.299,0.322,0.345,0.369,0.392,0.415,0.438,0.461,0.484,0.507,0.53,0.553,0.576,0.599,0.622,0.645,0.668,0.691,0.714,0.737,0.76,0.783,0.806,0.829,0.852,0.875,0.898,0.921,0.944,0.967,0.99,1
31,I,2326,2340.2,2360.25,2396.67,2419.65,2437.51,2470.68,2495.6,2423.22,2503.87,2511.45,2556.31,2532.61,2578.68,2680.1,2675.33,2645.66,2685.8,2686.45,2622.9,2626.39,2583.55,2624.48,2664.04,2677.67,2614.48,2546.82,2501.27,2463.89,2441,,,,,,,,,,,,,,,
,ND,0,0.0356,0.0712,0.107,0.142,0.178,0.214,0.249,0.285,0.321,0.356,0.392,0.427,0.463,0.499,0.534,0.57,0.606,0.641,0.677,0.712,0.748,0.784,0.819,0.855,0.891,0.926,0.962,0.997,1,,,,,,,,,,,,,,,
33,I,2339,2471.67,2612.13,2687.54,2717.39,2759.79,2821.96,2799.53,2827.07,2803.04,2797.72,2768.04,2813.89,2884.42,2848.55,2872.28,2910.44,2802.56,2793.16,2653.1,2541.1,2355.19,2324,,,,,,,,,,,,,,,,,,,,,,
,ND,0,0.047,0.0941,0.141,0.188,0.235,0.282,0.329,0.376,0.423,0.47,0.517,0.564,0.611,0.659,0.706,0.753,0.8,0.847,0.894,0.941,0.988,1,,,,,,,,,,,,,,,,,,,,,,
34,I,2077,2184.75,2236.83,2312.73,2403.75,2451.43,2455.53,2498.95,2498.9,2534.5,2595.91,2564.29,2576,2594.71,2600.05,2600.6,2600.55,2566.5,2523.65,2484.91,2435.49,2406.65,2360.71,2276.07,2254,,,,,,,,,,,,,,,,,,,,
,ND,0,0.0425,0.085,0.127,0.17,0.212,0.255,0.297,0.34,0.382,0.425,0.467,0.51,0.552,0.595,0.637,0.68,0.722,0.765,0.807,0.85,0.892,0.935,0.977,1,,,,,,,,,,,,,,,,,,,,
35,I,1654,1672.26,1688.6,1682.35,1693.43,1703.18,1707.09,1696.8,1677.99,1701.95,1706.27,1704.47,1696.26,1748.5,1764.04,1763.27,1756.9,1741.19,1728.47,1698.1,1722.52,1732.41,1741.43,1744.03,1699.86,1773.77,1734.54,1709.23,1752.05,1794.39,1785.45,1699.87,1717.82,,,,,,,,,,,,
,ND,0,0.0312,0.0625,0.0937,0.125,0.156,0.187,0.219,0.25,0.281,0.312,0.344,0.375,0.406,0.437,0.469,0.5,0.531,0.562,0.593,0.625,0.656,0.687,0.718,0.75,0.781,0.812,0.843,0.875,0.906,0.937,0.968,1,,,,,,,,,,,,
36,I,925,952.39,954.43,951.3,938.45,949.17,976.14,952.91,964.6,967.82,969.52,973.59,975.99,984.03,975.16,974.29,964.71,997.51,989.28,937.76,945.64,992.19,988.94,988,,,,,,,,,,,,,,,,,,,,,
,ND,0,0.0452,0.0904,0.136,0.181,0.226,0.271,0.316,0.361,0.407,0.452,0.497,0.542,0.587,0.632,0.678,0.723,0.768,0.813,0.858,0.904,0.949,0.994,1,,,,,,,,,,,,,,,,,,,,,
37,I,948,951.96,950.4,938.68,946.12,948,928.44,923.44,936.48,960.24,971,972.6,953.2,933.72,945.2,953.01,964.52,959.6,942.01,946.03,973,998.56,966.89,984.71,1002.89,982.01,979.28,964.46,925.25,934.59,938.01,938,,,,,,,,,,,,,
,ND,0,0.0333,0.0667,0.1,0.133,0.167,0.2,0.233,0.267,0.3,0.333,0.367,0.4,0.433,0.467,0.5,0.533,0.567,0.6,0.633,0.667,0.7,0.733,0.767,0.8,0.833,0.867,0.9,0.933,0.967,1,1,,,,,,,,,,,,,
38,I,1452,1535.81,1428.74,1337.76,1333.1,1349.59,1395.39,1423.81,1464.7,1538.68,1502.11,1508.52,1471.61,1461.4,1456.99,1458.83,1465.25,1504.3,1564.78,1596.49,1612.86,1540.67,1456.03,1413.18,1392.11,1397.65,1424,,,,,,,,,,,,,,,,,,
,ND,0,0.0392,0.0784,0.118,0.157,0.196,0.235,0.275,0.314,0.353,0.392,0.431,0.471,0.51,0.549,0.588,0.628,0.667,0.706,0.745,0.784,0.824,0.863,0.902,0.941,0.981,1,,,,,,,,,,,,,,,,,,
39,I,919,937.01,934.6,932.33,947.41,957.04,986.61,995.87,1000.61,1008.62,1021.93,993.47,993.84,983.37,995.77,979.6,963.14,975.32,1009.71,1008.91,995,,,,,,,,,,,,,,,,,,,,,,,,
,ND,0,0.0515,0.103,0.155,0.206,0.258,0.309,0.361,0.412,0.464,0.515,0.567,0.618,0.67,0.721,0.773,0.824,0.876,0.927,0.979,1,,,,,,,,,,,,,,,,,,,,,,,,
40,I,1008,1085.77,1015.9,1031.95,1000.44,1039.12,1017.11,1009.53,1081.74,1011.63,1044.55,1054.19,1058.22,1057.11,1062.32,1073.89,1065.52,1057.46,1048.74,1080.61,1047.06,1064.43,1073,,,,,,,,,,,,,,,,,,,,,,
,ND,0,0.0468,0.0936,0.14,0.187,0.234,0.281,0.327,0.374,0.421,0.468,0.515,0.561,0.608,0.655,0.702,0.748,0.795,0.842,0.889,0.936,0.982,1,,,,,,,,,,,,,,,,,,,,,,
41,I,794,800.47,806.72,824.69,832.2,834.91,820.23,787.3,802.01,835.38,847.81,840.16,812.18,801.93,800.89,809.25,801.54,850.4,818.41,794.37,799.88,785.62,779.96,751.65,744.61,765.6,777.58,776.62,762.24,759.17,757,,,,,,,,,,,,,,
,ND,0,0.0339,0.0677,0.102,0.135,0.169,0.203,0.237,0.271,0.305,0.339,0.373,0.406,0.44,0.474,0.508,0.542,0.576,0.61,0.643,0.677,0.711,0.745,0.779,0.813,0.847,0.88,0.914,0.948,0.982,1,,,,,,,,,,,,,,
42,I,1070,1120.33,1144.81,1181.25,1181.43,1197.63,1187.47,1227.31,1246.75,1271.02,1280.53,1258.75,1286.03,1287.21,1264.1,1245.08,1257.45,1258.7,1299.18,1298.73,1262.99,1233.59,1264.01,1285.93,1212.48,1209.98,1245.91,1245.71,1264.22,1216.95,1164.18,1111.91,1111.26,,,,,,,,,,,,
,ND,0,0.0312,0.0625,0.0937,0.125,0.156,0.187,0.219,0.25,0.281,0.312,0.344,0.375,0.406,0.437,0.469,0.5,0.531,0.562,0.593,0.625,0.656,0.687,0.718,0.75,0.781,0.812,0.843,0.875,0.906,0.937,0.968,1,,,,,,,,,,,,
43,I,838,841.21,840.96,846.56,930.95,920.93,935.37,919.83,927.83,887.52,898.27,924.16,935.53,929.29,940.23,958.26,884.15,942.68,978.94,1004.87,1005.83,1008.62,1002.2,1004,1014.2,1021.62,1043,,,,,,,,,,,,,,,,,,
,ND,0,0.0392,0.0784,0.118,0.157,0.196,0.235,0.275,0.314,0.353,0.392,0.431,0.471,0.51,0.549,0.588,0.628,0.667,0.706,0.745,0.784,0.824,0.863,0.902,0.941,0.981,1,,,,,,,,,,,,,,,,,,
44,I,544,544.31,566.81,591.47,591.65,579.04,646.79,648.86,664.36,644.07,639.93,623.65,622.37,624.49,626.1,625.61,600.77,610.75,635.98,626.68,634.77,637.59,637.23,629.19,621.3,600.42,609.55,594.08,597.36,597.53,572.76,589.61,590,,,,,,,,,,,,
,ND,0,0.0315,0.0629,0.0944,0.126,0.157,0.189,0.22,0.252,0.283,0.315,0.346,0.378,0.409,0.441,0.472,0.503,0.535,0.566,0.598,0.629,0.661,0.692,0.724,0.755,0.787,0.818,0.85,0.881,0.913,0.944,0.975,1,,,,,,,,,,,,
45,I,706,708.67,712.41,734.5,749.45,778.08,791.28,802.77,848.14,827.53,848.25,868.41,904.97,895.25,840.55,860.92,836.91,860.77,871.68,875.94,875.09,858.16,902.98,905.84,905.93,907.7,,,,,,,,,,,,,,,,,,,
,ND,0,0.0413,0.0827,0.124,0.165,0.207,0.248,0.289,0.331,0.372,0.413,0.455,0.496,0.537,0.579,0.62,0.662,0.703,0.744,0.786,0.827,0.868,0.91,0.951,0.992,1,,,,,,,,,,,,,,,,,,,
46,I,524,532.18,553.01,565.51,560.57,558.47,589.64,589.04,608.75,624.2,624.91,616.47,616.4,618.41,619.02,623.09,621.28,596.39,602.75,590.28,581.89,569.47,595.89,563.01,552.47,554.57,533.45,561.45,566.33,568.05,563.12,569.81,566.27,565.59,566.26,551.94,555,,,,,,,,
,ND,0,0.0285,0.0569,0.0854,0.114,0.142,0.171,0.199,0.228,0.256,0.285,0.313,0.342,0.37,0.399,0.427,0.455,0.484,0.512,0.541,0.569,0.598,0.626,0.655,0.683,0.712,0.74,0.769,0.797,0.826,0.854,0.882,0.911,0.939,0.968,0.996,1,,,,,,,,
47,I,797,863.98,907.56,909.29,866.01,828.89,834.06,884.19,903.4,868.25,865.02,882.24,877.31,873.6,855.68,877.74,868.55,802,,,,,,,,,,,,,,,,,,,,,,,,,,,
,ND,0,0.0614,0.123,0.184,0.246,0.307,0.369,0.43,0.491,0.553,0.614,0.676,0.737,0.799,0.86,0.921,0.983,1,,,,,,,,,,,,,,,,,,,,,,,,,,,
48,I,497,498.8,509.69,492.53,511.03,513.38,508.06,485.32,513.64,519.59,549.67,560.98,550.14,530.31,531.42,524.4,523.81,602.82,617.62,588.81,571.33,539.55,541.76,591.02,625.93,629.56,594.81,584.32,554.93,518.51,526.96,522,,,,,,,,,,,,,
,ND,0,0.0329,0.0658,0.0986,0.132,0.164,0.197,0.23,0.263,0.296,0.329,0.362,0.395,0.427,0.46,0.493,0.526,0.559,0.592,0.625,0.658,0.69,0.723,0.756,0.789,0.822,0.855,0.888,0.921,0.954,0.986,1,,,,,,,,,,,,,
49,I,596,692.64,738.3,733.72,677.52,669.64,715.42,696.44,744.34,742.72,692.7,694.21,706.8,703.78,684.21,696.12,659.77,698.75,743,746.02,741.9,726.17,708.89,744.32,740.3,706.24,678.33,647.08,676.84,680.23,658,,,,,,,,,,,,,,
,ND,0,0.034,0.068,0.102,0.136,0.17,0.204,0.238,0.272,0.306,0.34,0.374,0.408,0.442,0.476,0.51,0.544,0.578,0.612,0.646,0.68,0.714,0.748,0.782,0.816,0.85,0.884,0.917,0.951,0.985,1,,,,,,,,,,,,,,
50,I,731,781.01,788.95,779.69,762.1,726.4,713.06,730.39,740.94,758.69,736.11,718.88,721.99,731.26,718.48,732.17,737.63,705.33,703.8,728.64,708.88,681.75,672.71,667.6,660.1,668.11,668.03,664,,,,,,,,,,,,,,,,,
,ND,0,0.0371,0.0743,0.111,0.149,0.186,0.223,0.26,0.297,0.334,0.371,0.409,0.446,0.483,0.52,0.557,0.594,0.631,0.669,0.706,0.743,0.78,0.817,0.854,0.891,0.928,0.966,1,,,,,,,,,,,,,,,,,
51,I,657,672,673.63,682.61,686.09,687.32,683.44,668.29,674.47,647.22,660.98,665.91,690.61,668.58,696.2,684.84,685.83,627.94,634.67,678.18,681,651.97,608.5,595,,,,,,,,,,,,,,,,,,,,,
,ND,0,0.0447,0.0894,0.134,0.179,0.224,0.268,0.313,0.358,0.402,0.447,0.492,0.537,0.581,0.626,0.671,0.716,0.76,0.805,0.85,0.894,0.939,0.984,1,,,,,,,,,,,,,,,,,,,,,
52,I,672,700.65,703.27,767.01,765.91,762.9,766.43,757.28,750.92,745.39,727.58,721.6,704.43,683.95,684.76,694.66,699.3,666.83,638.42,617.92,619.49,615.5,,,,,,,,,,,,,,,,,,,,,,,
,ND,0,0.0494,0.0988,0.148,0.198,0.247,0.296,0.346,0.395,0.444,0.494,0.543,0.593,0.642,0.691,0.741,0.79,0.84,0.889,0.938,0.988,1,,,,,,,,,,,,,,,,,,,,,,,
53,I,572,634,633,610,590,616,603,650,659,661,657,633,627,598,591,632,604,554,532,566,540,493,493,,,,,,,,,,,,,,,,,,,,,,
,ND,0,0.0476,0.0952,0.143,0.19,0.238,0.286,0.333,0.381,0.429,0.476,0.524,0.571,0.619,0.667,0.714,0.762,0.81,0.857,0.905,0.952,1,1,,,,,,,,,,,,,,,,,,,,,,
54,I,546,609.02,620.06,639.01,691.68,695.64,682.96,696.45,719.18,726.63,723.04,746.04,751.31,746.41,755.45,746.39,756.27,725.38,744.99,773.95,769.09,743.35,742.62,736.66,736.63,753.73,721.27,719.46,701.85,695,,,,,,,,,,,,,,,
,ND,0,0.0354,0.0707,0.106,0.141,0.177,0.212,0.247,0.283,0.318,0.354,0.389,0.424,0.46,0.495,0.53,0.566,0.601,0.636,0.672,0.707,0.742,0.778,0.813,0.849,0.884,0.919,0.955,0.99,1,,,,,,,,,,,,,,,
55,I,662,663.18,681.34,694.72,721.04,746.04,746.59,696.21,705.43,729.49,696.25,715.01,702.29,696.54,682.52,685.58,667.04,664.27,625.23,622.24,623.26,621.39,614.06,607,,,,,,,,,,,,,,,,,,,,,
,ND,0,0.045,0.0901,0.135,0.18,0.225,0.27,0.315,0.36,0.405,0.45,0.495,0.54,0.585,0.631,0.676,0.721,0.766,0.811,0.856,0.901,0.946,0.991,1,,,,,,,,,,,,,,,,,,,,,
56,I,533,520.65,534.81,581.7,575.75,543.73,544.26,564.56,583.51,584.56,577.33,618.38,569.44,580.71,585.61,573.78,567.84,567.12,567.54,555.44,545.79,542.52,529.42,490.52,475.51,476.65,478,,,,,,,,,,,,,,,,,,
,ND,0,0.0399,0.0797,0.12,0.159,0.199,0.239,0.279,0.319,0.359,0.399,0.439,0.478,0.518,0.558,0.598,0.638,0.678,0.718,0.758,0.797,0.837,0.877,0.917,0.957,0.997,1,,,,,,,,,,,,,,,,,,
57,I,1732,1732.18,1761.67,1750.12,1766.22,1789.53,1824.04,1842.65,1841.65,1860.95,1861.98,1814.54,1861.94,1900.25,1863.18,1830.88,1851.68,1827.67,1879.57,1943.14,1901.72,1920.19,1878.98,1865.29,1863.45,1912.79,1959.47,1938.68,1908.59,1913.37,1911,,,,,,,,,,,,,,
,ND,0,0.034,0.068,0.102,0.136,0.17,0.204,0.238,0.272,0.306,0.34,0.374,0.408,0.442,0.476,0.51,0.544,0.578,0.612,0.646,0.68,0.714,0.748,0.782,0.816,0.85,0.884,0.918,0.952,0.986,1,,,,,,,,,,,,,,
58,I,1753,1805.12,1926.82,1933.17,1972.46,2082.62,2108.74,2085.59,2102.21,2080.53,2042.74,2034.89,2081.48,2071.81,2041.98,2014.51,2071.39,2034.89,2025.22,2024.07,2018.4,2019.09,2044.19,2039.21,2064.94,2045.51,2000.93,1997,,,,,,,,,,,,,,,,,
,ND,0,0.0378,0.0755,0.113,0.151,0.189,0.227,0.264,0.302,0.34,0.378,0.415,0.453,0.491,0.529,0.567,0.604,0.642,0.68,0.718,0.755,0.793,0.831,0.869,0.906,0.944,0.982,1,,,,,,,,,,,,,,,,,
59,I,1609,1596.08,1595.67,1606.92,1608.83,1626.39,1636.28,1622.77,1637.12,1653.22,1666.46,1667.37,1654.42,1658.79,1620.63,1649.14,1693.08,1695.15,1694.77,1659.51,1632.21,1656.71,1653.56,1632.95,1633,,,,,,,,,,,,,,,,,,,,
,ND,0,0.0429,0.0857,0.129,0.171,0.214,0.257,0.3,0.343,0.386,0.429,0.472,0.514,0.557,0.6,0.643,0.686,0.729,0.772,0.815,0.857,0.9,0.943,0.986,1,,,,,,,,,,,,,,,,,,,,
60,I,1062,1069.51,1095.76,1091.2,1118.36,1079.07,1149.53,1131.27,1131.26,1150.89,1111.83,1142.62,1114.83,1080.65,1065.9,1071.59,1055.25,1050.99,1054.71,1027.68,1031.41,1046.12,1062.49,1096.96,1105.6,1102.01,1063.65,1048.98,1108.9,1102.68,1049,,,,,,,,,,,,,,
,ND,0,0.0335,0.067,0.101,0.134,0.168,0.201,0.235,0.268,0.302,0.335,0.369,0.402,0.436,0.469,0.503,0.536,0.57,0.603,0.637,0.67,0.704,0.737,0.771,0.804,0.838,0.872,0.905,0.939,0.972,1,,,,,,,,,,,,,,
61,I,1906,1935.19,1950.23,1955.21,1953.78,1964.39,1967.38,1975.45,1956.7,1983.09,2008.96,2003.54,2018.59,2029.97,2059.85,2055.28,1997.14,1973.93,2013,2018.59,2019.78,1993,,,,,,,,,,,,,,,,,,,,,,,
,ND,0,0.0485,0.097,0.146,0.194,0.243,0.291,0.34,0.388,0.437,0.485,0.534,0.582,0.631,0.679,0.728,0.776,0.825,0.873,0.922,0.97,1,,,,,,,,,,,,,,,,,,,,,,,
62,I,2122,2159.54,2199.25,2117.52,2098.96,2091.54,2111.64,2097.45,2096.99,2166.62,2173.54,2175.81,2149.48,2156.96,2080.94,2129.22,2152.86,2126.06,2136.3,2132.22,2149.78,2139.78,2147.17,2148.79,2111.85,2100.88,2097.03,2088.1,2088.95,2078.5,2087,,,,,,,,,,,,,,
,ND,0,0.0338,0.0675,0.101,0.135,0.169,0.203,0.236,0.27,0.304,0.338,0.371,0.405,0.439,0.473,0.507,0.54,0.574,0.608,0.642,0.675,0.709,0.743,0.777,0.81,0.844,0.878,0.912,0.945,0.979,1,,,,,,,,,,,,,,
63,I,1206,1203.34,1216.83,1237.21,1291.58,1279.1,1304.55,1337.18,1333.03,1325.43,1324.32,1324.22,1354.27,1322.89,1328.84,1359.1,1376.74,1367.69,1353.69,1351.97,1355.92,1386.43,1328.46,1376.22,1378.09,1356.63,1329.95,1340.04,1331.01,1334.11,1317.17,1313.75,1324.36,1326.21,1320.95,1320,,,,,,,,,
,ND,0,0.0294,0.0587,0.0881,0.117,0.147,0.176,0.206,0.235,0.264,0.294,0.323,0.352,0.382,0.411,0.44,0.47,0.499,0.528,0.558,0.587,0.617,0.646,0.675,0.705,0.734,0.763,0.793,0.822,0.851,0.881,0.91,0.94,0.969,0.998,1,,,,,,,,,
64,I,1263,1313.14,1327.42,1328.78,1316.63,1351.64,1388.54,1360.45,1323.07,1337.32,1345.96,1380.04,1378.36,1391.4,1384.9,1389.05,1366.6,1337.87,1394.04,1392.23,1360.47,1364.63,1378.96,1349,1299.67,1292.25,1269.8,1213,,,,,,,,,,,,,,,,,
,ND,0,0.0375,0.075,0.112,0.15,0.187,0.225,0.262,0.3,0.337,0.375,0.412,0.45,0.487,0.525,0.562,0.6,0.637,0.675,0.712,0.75,0.787,0.824,0.862,0.899,0.937,0.974,1,,,,,,,,,,,,,,,,,
65,I,1357,1396.63,1475.81,1394.98,1387.56,1371.23,1370.7,1445.26,1433.38,1445.41,1417.28,1376.77,1420.93,1449.21,1453.14,1355.87,1402.94,1482.94,1403.01,1381.09,1376.9,1370.64,1403.82,1445.37,1368.6,1432.48,1445.72,1446,,,,,,,,,,,,,,,,,
,ND,0,0.0384,0.0769,0.115,0.154,0.192,0.231,0.269,0.307,0.346,0.384,0.423,0.461,0.5,0.538,0.576,0.615,0.653,0.692,0.73,0.769,0.807,0.846,0.884,0.922,0.961,0.999,1,,,,,,,,,,,,,,,,,
66,I,1406,1417.81,1438.1,1502.32,1505.73,1515.8,1523.15,1560.03,1583.76,1594.74,1598.24,1599.36,1594.92,1662.46,1701.51,1707.84,1719.53,1714.93,1718.85,1654.48,1688.38,1700.3,1681.52,1642.17,1603.87,1564.87,1501.81,1507.97,1463.93,1478.22,1457.75,1456,,,,,,,,,,,,,
,ND,0,0.0332,0.0665,0.0997,0.133,0.166,0.199,0.233,0.266,0.299,0.332,0.366,0.399,0.432,0.465,0.499,0.532,0.565,0.598,0.632,0.665,0.698,0.731,0.765,0.798,0.831,0.864,0.898,0.931,0.964,0.997,1,,,,,,,,,,,,,
67,I,825,834.76,814.3,813.9,837.55,827.44,867.3,844.15,819.34,839.46,848.78,846.73,832.43,854.87,866.99,840.25,841.65,819.61,809.95,797.37,821.28,788.53,803.51,802.02,806.41,809,,,,,,,,,,,,,,,,,,,
,ND,0,0.0411,0.0821,0.123,0.164,0.205,0.246,0.287,0.329,0.37,0.411,0.452,0.493,0.534,0.575,0.616,0.657,0.698,0.739,0.78,0.821,0.862,0.903,0.944,0.986,1,,,,,,,,,,,,,,,,,,,
68,I,1109,1127.36,1156.13,1155.81,1159.21,1161.6,1163.47,1130.25,1132.83,1106.56,1106.98,1088.35,1054.78,1104.64,1125.34,1092.83,1044.02,1093.07,1076.29,1105.75,1109.7,1109.56,1105.25,1110.04,1102,,,,,,,,,,,,,,,,,,,,
,ND,0,0.0434,0.0869,0.13,0.174,0.217,0.261,0.304,0.347,0.391,0.434,0.478,0.521,0.565,0.608,0.652,0.695,0.738,0.782,0.825,0.869,0.912,0.956,0.999,1,,,,,,,,,,,,,,,,,,,,
69,I,1654,1650.65,1648.51,1671.24,1675.24,1664.06,1629.39,1599.19,1584.15,1597.61,1613.12,1640.88,1608.25,1666.97,1608.94,1691.64,1660.86,1631.63,1639.75,1630.34,1597.03,1568.81,1580.67,1614.04,1615.6,1611.49,1621.94,1622.8,1606.96,1579.53,1618.68,1589.79,1563.51,1570.6,1576.62,1595.87,1569.05,1577.2,1561.77,1568,,,,,
,ND,0,0.0256,0.0513,0.0769,0.103,0.128,0.154,0.179,0.205,0.231,0.256,0.282,0.308,0.333,0.359,0.385,0.41,0.436,0.462,0.487,0.513,0.538,0.564,0.59,0.615,0.641,0.667,0.692,0.718,0.744,0.769,0.795,0.821,0.846,0.872,0.897,0.923,0.949,0.974,1,,,,,
70,I,1966,1972,1986.36,1993.01,2001.99,1986.55,2013.36,2061.68,2092.81,2117.78,2119.91,2132.98,2135.53,2132.14,2092.3,2076.92,2085.78,2080.62,2068.05,2030.33,1986.31,2000,,,,,,,,,,,,,,,,,,,,,,,
,ND,0,0.0485,0.097,0.146,0.194,0.243,0.291,0.34,0.388,0.437,0.485,0.534,0.582,0.631,0.679,0.728,0.776,0.825,0.873,0.922,0.97,1,,,,,,,,,,,,,,,,,,,,,,,
71,I,1388,1396.63,1475.81,1394.98,1387.56,1371.23,1370.7,1445.26,1433.38,1445.41,1417.28,1376.77,1420.93,1449.21,1453.14,1355.87,1402.94,1482.94,1403.01,1381.09,1376.9,1370.64,1403.82,1445.37,1368.6,1432.48,1445.72,,,,,,,,,,,,,,,,,,
,ND,0,0.0384,0.0769,0.115,0.154,0.192,0.231,0.269,0.307,0.346,0.384,0.423,0.461,0.5,0.538,0.576,0.615,0.653,0.692,0.73,0.769,0.807,0.846,0.884,0.922,0.961,1,,,,,,,,,,,,,,,,,,
72,I,2503,2528.09,2509.71,2484.52,2489.71,2500.28,2522.57,2547.44,2533.89,2552.02,2566.75,2577.63,2570.85,2577.09,2548.99,2538.53,2429.78,2442.84,2358.09,2359.96,2351.04,2352.37,2355.67,2355,,,,,,,,,,,,,,,,,,,,,
,ND,0,0.0445,0.089,0.133,0.178,0.222,0.267,0.311,0.356,0.4,0.445,0.489,0.534,0.578,0.623,0.667,0.712,0.756,0.801,0.845,0.89,0.934,0.979,1,,,,,,,,,,,,,,,,,,,,,
73,I,2202,2208.44,2206.26,2214.09,2259.03,2309.46,2296.62,2304.79,2315.17,2289.61,2312.17,2350.77,2267.42,2252.75,2249.5,2281.93,2279.5,2329.12,2368.51,2280.35,2224.18,2183.63,2200.47,2158.66,2153.31,2149.13,2164.12,2153.83,2155.01,2154,,,,,,,,,,,,,,,
,ND,0,0.0354,0.0708,0.106,0.142,0.177,0.213,0.248,0.283,0.319,0.354,0.39,0.425,0.46,0.496,0.531,0.567,0.602,0.638,0.673,0.708,0.744,0.779,0.815,0.85,0.886,0.921,0.956,0.992,1,,,,,,,,,,,,,,,
74,I,3339,3390,3458,3462,3602,3478,3539,3510,3462,3410,3469,3398,3446,3395,3458,3425,3434,3499,3390,3512,3434,3562,3467,3453,3455,3524,3404,3536,3468,3489,3396,,,,,,,,,,,,,,
,ND,0,0.0333,0.0667,0.1,0.133,0.167,0.2,0.233,0.267,0.3,0.333,0.367,0.4,0.433,0.467,0.5,0.533,0.567,0.6,0.633,0.667,0.7,0.733,0.767,0.8,0.833,0.867,0.9,0.933,0.967,1,,,,,,,,,,,,,,
75,I,369,368.21,376.64,376.25,376.64,382.49,382.37,391.81,388.48,390.34,386.92,391.99,394.84,380.79,392.13,391.66,403.03,388.65,394.2,396.29,402.73,397.34,380.29,383.65,376.98,374.65,377.29,373.29,362.7,354.77,353.02,356,,,,,,,,,,,,,
,ND,0,0.0324,0.0648,0.0971,0.13,0.162,0.194,0.227,0.259,0.291,0.324,0.356,0.389,0.421,0.453,0.486,0.518,0.55,0.583,0.615,0.648,0.68,0.712,0.745,0.777,0.809,0.842,0.874,0.907,0.939,0.971,1,,,,,,,,,,,,,
76,I,735,733.25,768.8,785.22,792.97,791.55,803.1,799.37,812.78,818.23,842.93,868.46,876.33,880.07,850.44,839.75,835.41,814.07,804.2,801.53,801.65,791,,,,,,,,,,,,,,,,,,,,,,,
,ND,0,0.0485,0.097,0.146,0.194,0.243,0.291,0.34,0.388,0.437,0.485,0.534,0.582,0.631,0.679,0.728,0.776,0.825,0.873,0.922,0.97,1,,,,,,,,,,,,,,,,,,,,,,,
77,I,420,444,426.32,421.88,418.61,433.35,440.92,431.21,428.42,430.42,432.87,424.72,433.62,433.14,423.53,411.57,407.18,391.35,393.41,396.49,396.69,393,,,,,,,,,,,,,,,,,,,,,,,
,ND,0,0.0485,0.097,0.146,0.194,0.243,0.291,0.34,0.388,0.437,0.485,0.534,0.582,0.631,0.679,0.728,0.776,0.825,0.873,0.922,0.97,1,,,,,,,,,,,,,,,,,,,,,,,
78,I,594,620.54,625.91,663.86,678.59,693.27,700.72,719.34,742.52,751.78,740.19,750.1,756.84,753.58,758.34,752.89,750.65,758.29,765.87,767.28,773.67,776.49,770.46,759.11,750.74,772.92,760.03,766.4,780.19,759.58,755.99,763,,,,,,,,,,,,,
,ND,0,0.0328,0.0657,0.0985,0.131,0.164,0.197,0.23,0.263,0.295,0.328,0.361,0.394,0.427,0.46,0.492,0.525,0.558,0.591,0.624,0.657,0.689,0.722,0.755,0.788,0.821,0.853,0.886,0.919,0.952,0.985,1,,,,,,,,,,,,,
79,I,694,698.96,721.4,733.79,778.26,757.94,775.06,783.81,793.54,811.67,827.28,826,829.7,832.87,837.05,830.02,811.25,803.55,792.45,791.93,784.67,796.8,786.38,788,,,,,,,,,,,,,,,,,,,,,
,ND,0,0.045,0.0901,0.135,0.18,0.225,0.27,0.315,0.36,0.405,0.45,0.495,0.54,0.585,0.631,0.676,0.721,0.766,0.811,0.856,0.901,0.946,0.991,1,,,,,,,,,,,,,,,,,,,,,
80,I,737,739.32,754.93,767.04,774.75,773.77,775.6,766.07,733.58,734.72,745.86,747.09,736.35,737.56,737.37,761.72,755.34,763.23,771.57,772.03,777.27,799.8,802.02,805.68,795.87,794,,,,,,,,,,,,,,,,,,,
,ND,0,0.0413,0.0826,0.124,0.165,0.207,0.248,0.289,0.33,0.372,0.413,0.454,0.496,0.537,0.578,0.62,0.661,0.702,0.744,0.785,0.826,0.868,0.909,0.95,0.991,1,,,,,,,,,,,,,,,,,,,
81,I,526,524.45,539.13,542.77,544.12,566.35,569.61,563.15,575.43,565.74,565.11,572.04,565.76,572.4,574.79,576.36,578.18,581.48,565.34,567.58,567.73,566.47,557.06,556.23,558,,,,,,,,,,,,,,,,,,,,
,ND,0,0.0428,0.0857,0.129,0.171,0.214,0.257,0.3,0.343,0.386,0.428,0.471,0.514,0.557,0.6,0.643,0.685,0.728,0.771,0.814,0.857,0.9,0.942,0.985,1,,,,,,,,,,,,,,,,,,,,
82,I,524,547.06,557.91,574.61,581.38,591.14,586.05,588.32,586.44,596.2,602.71,603.11,600.32,600.24,606.49,602.15,603.85,606.95,590.88,591.38,593.16,586.04,591.51,576.32,569.64,554.89,555,,,,,,,,,,,,,,,,,,
,ND,0,0.039,0.0781,0.117,0.156,0.195,0.234,0.273,0.312,0.351,0.39,0.429,0.469,0.508,0.547,0.586,0.625,0.664,0.703,0.742,0.781,0.82,0.859,0.898,0.937,0.976,1,,,,,,,,,,,,,,,,,,
83,I,512,531.07,525.46,532.91,545.87,567.76,572.3,579.26,592.7,600.72,600.88,596.42,598.25,599.55,596.97,602.73,605.81,603.43,601.3,597.17,591.35,594.47,599.51,583.16,556.64,542.06,534,,,,,,,,,,,,,,,,,,
,ND,0,0.0389,0.0778,0.117,0.156,0.194,0.233,0.272,0.311,0.35,0.389,0.428,0.467,0.506,0.545,0.583,0.622,0.661,0.7,0.739,0.778,0.817,0.856,0.895,0.933,0.972,1,,,,,,,,,,,,,,,,,,
84,I,506,508.07,521.74,548.69,564.86,568.26,571.79,583.76,597,597.87,604.19,596.93,603.65,596.85,604.39,610.07,615.69,605.6,616.79,617.97,604.57,598.13,605.98,601.53,599.61,615,,,,,,,,,,,,,,,,,,,
,ND,0,0.0407,0.0813,0.122,0.163,0.203,0.244,0.285,0.325,0.366,0.407,0.447,0.488,0.529,0.569,0.61,0.65,0.691,0.732,0.772,0.813,0.854,0.894,0.935,0.976,1,,,,,,,,,,,,,,,,,,,
85,I,534,547.04,552.58,565.58,577.49,589.07,603.96,597.05,599.07,603.79,610.85,617.03,601.67,615.35,617.87,612.26,613.86,621.41,608.88,614.58,609.17,609.38,607.64,594.89,576.29,572.34,565.48,565,,,,,,,,,,,,,,,,,
,ND,0,0.0383,0.0767,0.115,0.153,0.192,0.23,0.268,0.307,0.345,0.383,0.422,0.46,0.499,0.537,0.575,0.614,0.652,0.69,0.729,0.767,0.805,0.844,0.882,0.92,0.959,0.997,1,,,,,,,,,,,,,,,,,
86,I,558,550.09,575.13,597.05,590.03,629.02,636.4,621.63,630.35,639.85,648.61,636.43,648.57,650.7,644.49,630.4,636.38,635.26,619.83,608.97,605.71,589.2,580,,,,,,,,,,,,,,,,,,,,,,
,ND,0,0.0468,0.0936,0.14,0.187,0.234,0.281,0.327,0.374,0.421,0.468,0.515,0.561,0.608,0.655,0.702,0.748,0.795,0.842,0.889,0.936,0.982,1,,,,,,,,,,,,,,,,,,,,,,
87,I,538,543.35,579.84,584.78,600.71,603.95,616.58,640.04,645.23,648.99,646.66,647.17,636.55,628.51,646.08,651.74,653.81,641.69,632.96,636.01,628.92,630.62,627.16,614.95,617,,,,,,,,,,,,,,,,,,,,
,ND,0,0.0429,0.0857,0.129,0.171,0.214,0.257,0.3,0.343,0.386,0.429,0.472,0.514,0.557,0.6,0.643,0.686,0.729,0.772,0.815,0.857,0.9,0.943,0.986,1,,,,,,,,,,,,,,,,,,,,
88,I,503,515.64,531.31,539.14,551.48,536.64,552.27,562.59,561.79,557.08,560.1,558.97,562.25,561.97,564.21,562.53,555.58,558.39,560.82,549.47,559.08,563.89,574.89,565.44,569.46,570.22,576,,,,,,,,,,,,,,,,,,
,ND,0,0.039,0.0781,0.117,0.156,0.195,0.234,0.273,0.312,0.351,0.39,0.429,0.469,0.508,0.547,0.586,0.625,0.664,0.703,0.742,0.781,0.82,0.859,0.898,0.937,0.976,1,,,,,,,,,,,,,,,,,,
89,I,548,534.36,549.53,565.84,580.9,588.16,595.44,618.15,617.96,624.46,617.16,610.15,623.14,630.02,619.63,624.52,638.84,631.72,623.89,624.97,636.05,626.85,618.63,609.69,601.2,601.54,580.98,580,,,,,,,,,,,,,,,,,
,ND,0,0.0383,0.0767,0.115,0.153,0.192,0.23,0.268,0.307,0.345,0.383,0.422,0.46,0.499,0.537,0.575,0.614,0.652,0.69,0.729,0.767,0.805,0.844,0.882,0.92,0.959,0.997,1,,,,,,,,,,,,,,,,,
90,I,593,592,597.16,596.02,598.65,593.18,595.69,598.89,591.41,604.07,604.28,598.01,588.9,607.22,614.25,605.28,605.2,602.55,589.61,597.43,595.5,585.47,597.63,605.07,599.04,598.53,598.1,602.5,601.18,603.48,592,,,,,,,,,,,,,,
,ND,0,0.0334,0.0667,0.1,0.133,0.167,0.2,0.234,0.267,0.3,0.334,0.367,0.4,0.434,0.467,0.501,0.534,0.567,0.601,0.634,0.667,0.701,0.734,0.768,0.801,0.834,0.868,0.901,0.934,0.968,1,,,,,,,,,,,,,,
91,I,531,556.48,559.1,576.62,600.1,611.62,602.86,610.57,622.04,627.46,617.58,643.55,634.32,637.13,641.1,650.38,631.97,627.38,624.76,628.24,633.11,617.39,621.37,606.27,606.86,581.37,579,,,,,,,,,,,,,,,,,,
,ND,0,0.0399,0.0797,0.12,0.159,0.199,0.239,0.279,0.319,0.359,0.399,0.439,0.478,0.518,0.558,0.598,0.638,0.678,0.718,0.758,0.797,0.837,0.877,0.917,0.957,0.997,1,,,,,,,,,,,,,,,,,,
92,I,581,603.74,605.94,605.83,617.72,621.88,622.12,633.03,625.2,621.19,623.27,613.79,613.79,623.25,617.95,624.15,615.15,616.52,612.79,612.22,592.57,586.84,593.33,598,,,,,,,,,,,,,,,,,,,,,
,ND,0,0.0445,0.089,0.133,0.178,0.222,0.267,0.311,0.356,0.4,0.445,0.489,0.534,0.578,0.623,0.667,0.712,0.756,0.801,0.845,0.89,0.934,0.979,1,,,,,,,,,,,,,,,,,,,,,
93,I,566,561.73,566.17,575.13,572.66,582.62,570.79,572.17,575.25,584.73,577.14,576.84,594.94,589.53,572.84,578.53,582.67,577.13,571.29,572.46,569.79,564,562.34,560.68,551.19,545.94,538,,,,,,,,,,,,,,,,,,
,ND,0,0.0389,0.0778,0.117,0.156,0.194,0.233,0.272,0.311,0.35,0.389,0.428,0.467,0.506,0.545,0.583,0.622,0.661,0.7,0.739,0.778,0.817,0.856,0.895,0.933,0.972,1,,,,,,,,,,,,,,,,,,
95,I,560,555.61,568.22,588.11,603.21,599.04,604.42,619.75,623.34,626.96,625.5,625.25,628.68,634.63,621.3,628.38,632.74,623.69,622.98,616.74,617.36,615.16,603.85,591.56,577,,,,,,,,,,,,,,,,,,,,
,ND,0,0.0419,0.0838,0.126,0.168,0.21,0.252,0.293,0.335,0.377,0.419,0.461,0.503,0.545,0.587,0.629,0.671,0.713,0.755,0.797,0.838,0.88,0.922,0.964,1,,,,,,,,,,,,,,,,,,,,
96,I,563,573.84,592.06,601.42,593.18,608.89,611.6,613.15,606.16,605.57,610.42,607.76,613.81,602.71,607.8,614.24,605.1,605.92,611.76,605.68,602.14,596.18,575.98,571,,,,,,,,,,,,,,,,,,,,,
,ND,0,0.045,0.0901,0.135,0.18,0.225,0.27,0.315,0.36,0.405,0.45,0.495,0.54,0.585,0.631,0.676,0.721,0.766,0.811,0.856,0.901,0.946,0.991,1,,,,,,,,,,,,,,,,,,,,,
97,I,543,560.79,568.13,579.77,591.26,589.87,599.91,614.49,618.91,609.46,610.05,625.97,627.92,632.72,616.92,619.56,630.44,609.44,617.22,617.09,604.67,600.89,598.93,593.26,576.33,580,,,,,,,,,,,,,,,,,,,
,ND,0,0.0405,0.081,0.121,0.162,0.202,0.243,0.283,0.324,0.364,0.405,0.445,0.486,0.526,0.567,0.607,0.648,0.688,0.729,0.769,0.81,0.85,0.891,0.931,0.972,1,,,,,,,,,,,,,,,,,,,
98,I,543,533.04,532.68,550.63,564.99,574.11,585.94,599.52,600.96,611.15,610.05,610.76,615.6,616.45,619.2,616.26,604.72,597.88,615.14,613.4,602.06,590.94,600.59,576.83,568,,,,,,,,,,,,,,,,,,,,
,ND,0,0.0424,0.0847,0.127,0.169,0.212,0.254,0.297,0.339,0.381,0.424,0.466,0.508,0.551,0.593,0.636,0.678,0.72,0.763,0.805,0.847,0.89,0.932,0.975,1,,,,,,,,,,,,,,,,,,,,
99,I,547,567.12,586.87,597.82,625.9,640.2,648.72,649.19,663.91,654.59,650.28,658.04,657,657.52,651.45,670.75,660.93,645.22,638.46,630.51,622,,,,,,,,,,,,,,,,,,,,,,,,
,ND,0,0.0504,0.101,0.151,0.202,0.252,0.302,0.353,0.403,0.453,0.504,0.554,0.605,0.655,0.705,0.756,0.806,0.856,0.907,0.957,1,,,,,,,,,,,,,,,,,,,,,,,,
28,I,2002,2047.14,2050.44,2095,2096.4,2110.61,2090.57,2083.5,2209.46,2142.1,2118.89,2184.02,2139.75,2116.66,2120.09,2124.47,2106.4,2059,2059.99,2103.14,2008.5,2036.75,2028.86,2041,2047.65,2027.81,2079.14,2127.45,2291.97,2531.29,2815.68,2833.06,2614.33,2438
,ND,0,0.0306,0.0613,0.0919,0.123,0.153,0.184,0.214,0.245,0.276,0.306,0.337,0.368,0.398,0.429,0.459,0.49,0.521,0.551,0.582,0.613,0.643,0.674,0.704,0.735,0.766,0.796,0.827,0.858,0.888,0.919,0.949,0.98,1
32,I,1444,1418.39,1414.64,1428.6,1442.63,1479.32,1455.66,1430.85,1478.86,1477.09,1469.46,1470.36,1460.54,1515.61,1511.91,1471.76,1466.26,1489.77,1425.37,1473.55,1493.74,1548.9,1585.84,1581.48,1546.92,1513.26,1510.31,1513.34,1584.92,1752.55,1915.12,2147.5,1991.05,1871.8
,ND,0,0.0303,0.0606,0.0909,0.121,0.151,0.182,0.212,0.242,0.273,0.303,0.333,0.363,0.394,0.424,0.454,0.485,0.515,0.545,0.575,0.606,0.636,0.666,0.697,0.727,0.757,0.788,0.818,0.848,0.878,0.909,0.939,0.969,1
94,I,1695,1832.19,1917.74,2145.47,2201.65,2155.76,2094.73,2089.96,2081.97,2087.73,2064.64,2206.34,2269.06,2319.23,2468.67,2694.36,3016.83,3291.67,3478.28,3550.01,3130.04,2376.87,2240.51,2221,,,,,,,,,,
,ND,0,0.0447,0.0894,0.134,0.179,0.224,0.268,0.313,0.358,0.402,0.447,0.492,0.537,0.581,0.626,0.671,0.716,0.76,0.805,0.85,0.894,0.939,0.984,1,,,,,,,,,,
100,I,1552,1559.87,1575.61,1579.96,1586.46,1578.86,1589.15,1598.91,1585.06,1592.26,1594.49,1597.22,1606.23,1690.26,1701.52,1898.14,2091.85,2093.66,2174.78,2362.13,2190.43,1984.87,1885.3,1805,,,,,,,,,,
,ND,0,0.0443,0.0886,0.133,0.177,0.222,0.266,0.31,0.355,0.399,0.443,0.488,0.532,0.576,0.621,0.665,0.709,0.754,0.798,0.842,0.886,0.931,0.975,1,,,,,,,,,,
