FlAsHProPClsAH224AH404A100,I,1235.0, 1201.35, 1171.41, 1160.79, 1139.87, 1125.66, 1120.66, 1136.03, 1137.8, 1122.71, 1102.58, 1079.35, 1081.13, 1082.31, 1077.14, 1088.45, 1109.59, 1127.02, 1166.85, 1152.71, 1166.36, 1157.76, 1150.51, 1186.56, 1229.76, 1244.61, 1245.0
,ND,0.0, 0.04, 0.0799, 0.12, 0.16, 0.2, 0.24, 0.28, 0.32, 0.36, 0.4, 0.44, 0.48, 0.52, 0.56, 0.6, 0.639, 0.679, 0.719, 0.759, 0.799, 0.839, 0.879, 0.919, 0.959, 0.999, 1.0
FlAsHProPClsAH224AH404A67,I,1490.0, 1583.93, 1551.34, 1563.63, 1556.65, 1569.44, 1547.84, 1558.61, 1551.03, 1562.24, 1555.48, 1602.1, 1584.88, 1587.92, 1637.21, 1631.67, 1654.49, 1708.33, 1798.88, 1927.34, 1975.05, 1948.89, 1825.08, 1748.88, 1744.0
,ND,0.0, 0.0433, 0.0866, 0.13, 0.173, 0.217, 0.26, 0.303, 0.347, 0.39, 0.433, 0.476, 0.52, 0.563, 0.606, 0.65, 0.693, 0.736, 0.78, 0.823, 0.866, 0.91, 0.953, 0.996, 1.0
FlAsHProPClsAH224AH404A87,I,1285.0, 1238.13, 1198.32, 1189.14, 1200.72, 1214.55, 1195.04, 1223.59, 1223.51, 1267.52, 1289.99, 1311.03, 1311.52, 1325.06, 1322.77, 1301.88, 1291.19, 1273.19, 1260.33, 1239.59, 1219.77, 1193.39, 1202.46, 1212.02, 1200.87, 1202.14, 1193.61, 1199.74, 1191.59, 1190.21, 1191.0
,ND,0.0, 0.0342, 0.0683, 0.102, 0.137, 0.171, 0.205, 0.239, 0.273, 0.307, 0.342, 0.376, 0.41, 0.444, 0.478, 0.512, 0.547, 0.581, 0.615, 0.649, 0.683, 0.717, 0.752, 0.786, 0.82, 0.854, 0.888, 0.922, 0.956, 0.991, 1.0
FlAsHProPClsAH224AH404A98,I,1153.0, 1302.14, 1367.54, 1360.2, 1355.35, 1332.06, 1315.66, 1303.72, 1282.99, 1291.48, 1301.33, 1295.51, 1275.7, 1270.99, 1292.19, 1287.52, 1250.29, 1171.63, 1164.0
,ND,0.0, 0.0585, 0.117, 0.176, 0.234, 0.293, 0.351, 0.41, 0.468, 0.527, 0.585, 0.644, 0.702, 0.761, 0.819, 0.878, 0.936, 0.995, 1.0
FlAsHProPClsAH224AH404A75,I,1217.0, 1294.13, 1301.2, 1298.28, 1325.54, 1358.08, 1372.49, 1373.35, 1392.84, 1410.4, 1388.56, 1390.74, 1384.35, 1387.69, 1393.91, 1382.87, 1381.87, 1396.4, 1427.06, 1478.28, 1475.35, 1486.07, 1465.92, 1446.0
,ND,0.0, 0.0447, 0.0894, 0.134, 0.179, 0.224, 0.268, 0.313, 0.358, 0.402, 0.447, 0.492, 0.537, 0.581, 0.626, 0.671, 0.716, 0.76, 0.805, 0.85, 0.894, 0.939, 0.984, 1.0
FlAsHProPClsAH224AH404A22,I,713.0, 700.01, 700.37, 706.59, 705.06, 702.45, 701.29, 701.68, 700.13, 695.02, 698.2, 696.4, 695.37, 694.5, 696.73, 698.47, 706.29, 718.87, 721.88, 707.07, 710.48, 686.42, 692.84, 696.78, 683.6, 681.85, 662.47, 670.94, 689.53, 692.93, 697.08, 695.0
,ND,0.0, 0.0324, 0.0648, 0.0972, 0.13, 0.162, 0.194, 0.227, 0.259, 0.292, 0.324, 0.356, 0.389, 0.421, 0.454, 0.486, 0.518, 0.551, 0.583, 0.615, 0.648, 0.68, 0.713, 0.745, 0.777, 0.81, 0.842, 0.875, 0.907, 0.939, 0.972, 1.0
FlAsHProPClsAH224AH404A36,I,814.0, 884.67, 947.58, 977.52, 995.2, 1010.3, 1000.12, 1026.49, 1047.35, 1068.47, 1069.4, 1068.39, 1053.57, 1067.71, 1061.31, 1062.83, 1076.9, 1073.7, 1074.21, 1079.45, 1028.31, 959.0
,ND,0.0, 0.0485, 0.097, 0.146, 0.194, 0.243, 0.291, 0.34, 0.388, 0.437, 0.485, 0.534, 0.582, 0.631, 0.679, 0.728, 0.776, 0.825, 0.873, 0.922, 0.97, 1.0
FlAsHProPClsAH224AH404A86,I,1638.0, 1752.93, 1730.08, 1667.84, 1687.44, 1666.73, 1690.08, 1678.34, 1667.11, 1683.33, 1636.26, 1636.83, 1640.3, 1609.0, 1595.75, 1629.67, 1645.67, 1675.5, 1681.42, 1701.39, 1685.49, 1638.89, 1628.0
,ND,0.0, 0.0471, 0.0943, 0.141, 0.189, 0.236, 0.283, 0.33, 0.377, 0.424, 0.471, 0.519, 0.566, 0.613, 0.66, 0.707, 0.754, 0.801, 0.849, 0.896, 0.943, 0.99, 1.0
FlAsHProPClsAH224AH404A74,I,1636.0, 1731.46, 1702.02, 1607.98, 1518.5, 1518.1, 1534.8, 1584.99, 1606.28, 1599.91, 1634.63, 1635.7, 1610.11, 1612.27, 1617.37, 1578.3, 1554.76, 1546.02, 1534.94, 1521.71, 1507.68, 1525.59, 1557.38, 1533.0
,ND,0.0, 0.0439, 0.0877, 0.132, 0.175, 0.219, 0.263, 0.307, 0.351, 0.395, 0.439, 0.482, 0.526, 0.57, 0.614, 0.658, 0.702, 0.745, 0.789, 0.833, 0.877, 0.921, 0.965, 1.0
FlAsHProPClsAH224AH404A95,I,994.0, 960.0, 911.0, 944.0, 940.0, 983.0, 980.0, 993.0, 975.0, 995.0, 998.0, 1006.0, 1016.0, 1001.0, 1008.0, 1031.0, 1008.0, 1018.0, 976.0, 984.0, 972.0, 951.0, 952.0, 958.0, 958.0
,ND,0.0, 0.0435, 0.087, 0.13, 0.174, 0.217, 0.261, 0.304, 0.348, 0.391, 0.435, 0.478, 0.522, 0.565, 0.609, 0.652, 0.696, 0.739, 0.783, 0.826, 0.87, 0.913, 0.957, 1.0, 1.0
FlAsHProPClsAH224AH404A45,I,577.0, 682.7, 783.66, 871.88, 903.85, 884.76, 861.43, 845.01, 846.71, 851.32, 859.2, 848.31, 826.93, 812.59, 800.49, 800.88, 775.26, 753.38, 732.17, 724.0
,ND,0.0, 0.0544, 0.109, 0.163, 0.218, 0.272, 0.326, 0.381, 0.435, 0.49, 0.544, 0.598, 0.653, 0.707, 0.761, 0.816, 0.87, 0.925, 0.979, 1.0
FlAsHProPClsAH224AH404A38,I,562.0, 643.91, 686.1, 694.65, 693.49, 682.46, 672.01, 659.96, 665.66, 663.29, 668.76, 670.49, 677.44, 664.17, 663.48, 660.76, 670.48, 663.45, 672.82, 670.35, 656.63, 654.8, 645.2, 646.65, 628.12, 640.09, 653.0
,ND,0.0, 0.0392, 0.0784, 0.118, 0.157, 0.196, 0.235, 0.275, 0.314, 0.353, 0.392, 0.431, 0.471, 0.51, 0.549, 0.588, 0.628, 0.667, 0.706, 0.745, 0.784, 0.824, 0.863, 0.902, 0.941, 0.981, 1.0
FlAsHProPClsAH224AH404A69,I,1134.0, 1225.36, 1232.59, 1226.27, 1227.36, 1229.43, 1251.31, 1254.03, 1273.17, 1294.66, 1331.4, 1361.34, 1362.72, 1346.18, 1307.81, 1311.99, 1327.21, 1351.06, 1394.53, 1387.62, 1343.0
,ND,0.0, 0.0505, 0.101, 0.152, 0.202, 0.253, 0.303, 0.354, 0.404, 0.455, 0.505, 0.556, 0.606, 0.657, 0.707, 0.758, 0.808, 0.859, 0.909, 0.96, 1.0
FlAsHProPClsAH224AH404A28,I,666.0, 680.28, 687.86, 679.66, 669.18, 671.29, 662.36, 656.03, 661.86, 662.87, 658.83, 660.09, 663.01, 655.86, 659.94, 683.3, 682.21, 684.8, 694.51, 712.0, 725.97, 755.34, 761.15, 758.28, 755.0
,ND,0.0, 0.0429, 0.0857, 0.129, 0.171, 0.214, 0.257, 0.3, 0.343, 0.386, 0.429, 0.472, 0.514, 0.557, 0.6, 0.643, 0.686, 0.729, 0.772, 0.815, 0.857, 0.9, 0.943, 0.986, 1.0
FlAsHProPClsAH224AH404A80,I,1080.0, 1163.62, 1169.62, 1179.9, 1173.27, 1171.51, 1156.02, 1141.98, 1126.88, 1102.29, 1080.4, 1076.61, 1055.41, 1061.07, 1033.71, 1029.38, 1032.7, 1040.35, 1042.9, 1047.23, 1065.48, 1082.25, 1109.64, 1144.32, 1083.88, 1076.0
,ND,0.0, 0.0414, 0.0828, 0.124, 0.166, 0.207, 0.248, 0.29, 0.331, 0.372, 0.414, 0.455, 0.497, 0.538, 0.579, 0.621, 0.662, 0.703, 0.745, 0.786, 0.828, 0.869, 0.91, 0.952, 0.993, 1.0
FlAsHProPClsAH224AH404A84,I,1381.0, 1476.79, 1498.55, 1499.44, 1491.96, 1501.03, 1479.24, 1455.96, 1442.07, 1436.88, 1423.36, 1429.34, 1441.59, 1455.18, 1493.74, 1482.73, 1486.18, 1500.13, 1514.77, 1503.25, 1485.82, 1502.86, 1523.52, 1489.56, 1349.0
,ND,0.0, 0.0421, 0.0841, 0.126, 0.168, 0.21, 0.252, 0.294, 0.337, 0.379, 0.421, 0.463, 0.505, 0.547, 0.589, 0.631, 0.673, 0.715, 0.757, 0.799, 0.841, 0.883, 0.926, 0.968, 1.0
FlAsHProPClsAH224AH404A94,I,1183.0, 1203.43, 1160.43, 1103.29, 1074.43, 1074.72, 1076.54, 1053.01, 1052.82, 1037.48, 1030.46, 1019.15, 1012.43, 1020.25, 1032.56, 1050.08, 1051.58, 1066.7, 1070.27, 1063.56, 1050.91, 1053.85, 1053.79, 1091.09, 1104.38, 1111.81, 1121.94, 1131.96, 1152.0
,ND,0.0, 0.0359, 0.0717, 0.108, 0.143, 0.179, 0.215, 0.251, 0.287, 0.323, 0.359, 0.394, 0.43, 0.466, 0.502, 0.538, 0.574, 0.609, 0.645, 0.681, 0.717, 0.753, 0.789, 0.825, 0.86, 0.896, 0.932, 0.968, 1.0
FlAsHProPClsAH224AH404A8,I,1110.0, 1143.28, 1130.77, 1099.4, 1090.83, 1093.51, 1085.4, 1082.67, 1082.76, 1105.45, 1094.72, 1080.91, 1080.3, 1085.06, 1078.16, 1067.36, 1071.82, 1076.61, 1103.77, 1093.57, 1118.46, 1088.21, 1083.61, 1085.65, 1102.51, 1118.18, 1128.16, 1140.42, 1167.58, 1178.1, 1240.92, 1291.3, 1372.92, 1460.08, 1500.0
,ND,0.0, 0.0298, 0.0596, 0.0894, 0.119, 0.149, 0.179, 0.209, 0.239, 0.268, 0.298, 0.328, 0.358, 0.388, 0.417, 0.447, 0.477, 0.507, 0.537, 0.566, 0.596, 0.626, 0.656, 0.686, 0.716, 0.745, 0.775, 0.805, 0.835, 0.865, 0.894, 0.924, 0.954, 0.984, 1.0
FlAsHProPClsAH224AH404A56,I,815.0, 781.35, 760.68, 766.0, 762.37, 759.99, 750.86, 772.38, 747.21, 757.62, 755.97, 747.52, 735.31, 717.99, 719.8, 720.1, 723.84, 737.88, 746.1, 744.27, 803.76, 819.38, 821.0
,ND,0.0, 0.0474, 0.0948, 0.142, 0.19, 0.237, 0.284, 0.332, 0.379, 0.427, 0.474, 0.521, 0.569, 0.616, 0.664, 0.711, 0.758, 0.806, 0.853, 0.901, 0.948, 0.995, 1.0
FlAsHProPClsAH224AH404A76,I,1102.0, 1068.44, 1025.2, 1003.39, 1004.48, 1022.21, 1035.71, 1060.89, 1085.91, 1107.32, 1125.44, 1145.2, 1151.44, 1169.28, 1143.42, 1152.53, 1153.29, 1151.82, 1151.44, 1143.84, 1148.06, 1147.8, 1142.41, 1122.04, 1106.84, 1095.97, 1064.88, 1069.97, 1056.46, 1096.49, 1145.42, 1229.87, 1363.43, 1422.49, 1413.0
,ND,0.0, 0.0297, 0.0595, 0.0892, 0.119, 0.149, 0.178, 0.208, 0.238, 0.268, 0.297, 0.327, 0.357, 0.387, 0.416, 0.446, 0.476, 0.506, 0.535, 0.565, 0.595, 0.625, 0.654, 0.684, 0.714, 0.744, 0.773, 0.803, 0.833, 0.863, 0.892, 0.922, 0.952, 0.982, 1.0
FlAsHProPClsAH224AH404A21,I,553.0, 613.08, 651.43, 659.46, 681.59, 690.21, 675.69, 681.48, 675.72, 684.67, 705.82, 719.35, 724.91, 728.01, 735.59, 720.06, 734.9, 736.8, 724.0, 712.56, 710.0
,ND,0.0, 0.052, 0.104, 0.156, 0.208, 0.26, 0.312, 0.364, 0.416, 0.468, 0.52, 0.572, 0.624, 0.676, 0.728, 0.78, 0.832, 0.884, 0.936, 0.988, 1.0
FlAsHProPClsAH224AH404A44,I,751.0, 841.32, 876.72, 904.98, 895.35, 903.63, 898.01, 906.25, 895.63, 890.99, 884.34, 882.89, 898.22, 908.58, 918.06, 933.83, 907.92, 883.0, 877.18, 871.82, 868.76, 867.12, 847.4, 872.03, 877.92, 866.41, 840.27, 804.16, 796.0
,ND,0.0, 0.0366, 0.0732, 0.11, 0.146, 0.183, 0.22, 0.256, 0.293, 0.33, 0.366, 0.403, 0.439, 0.476, 0.513, 0.549, 0.586, 0.622, 0.659, 0.696, 0.732, 0.769, 0.805, 0.842, 0.879, 0.915, 0.952, 0.989, 1.0
FlAsHProPClsAH224AH404A58,I,145.0, 164.24, 164.85, 166.37, 161.76, 163.75, 155.78, 153.82, 158.98, 152.74, 152.46, 156.54, 154.91, 156.47, 157.31, 159.87, 158.66, 162.43, 158.9, 159.04, 163.82, 164.23, 168.44, 171.34, 173.16, 172.2, 171.0
,ND,0.0, 0.0395, 0.079, 0.118, 0.158, 0.197, 0.237, 0.276, 0.316, 0.355, 0.395, 0.434, 0.474, 0.513, 0.553, 0.592, 0.632, 0.671, 0.711, 0.75, 0.79, 0.829, 0.869, 0.908, 0.948, 0.987, 1.0
FlAsHProPClsAH224AH404A35,I,833.0, 882.95, 902.41, 925.67, 926.0, 948.2, 978.26, 973.12, 975.52, 963.57, 992.77, 997.83, 992.06, 1024.21, 1036.18, 1060.86, 1088.07, 1125.68, 1173.79, 1215.17, 1241.36, 1223.23, 1146.9, 995.07, 803.01, 772.0
,ND,0.0, 0.0414, 0.0828, 0.124, 0.166, 0.207, 0.248, 0.29, 0.331, 0.372, 0.414, 0.455, 0.497, 0.538, 0.579, 0.621, 0.662, 0.703, 0.745, 0.786, 0.828, 0.869, 0.91, 0.952, 0.993, 1.0
FlAsHProPClsAH224AH404A57,I,161.0, 162.0, 172.66, 185.78, 194.11, 198.66, 178.86, 183.82, 173.11, 173.3, 163.72, 161.65, 166.17, 165.41, 169.24, 170.49, 162.47, 158.6, 165.14, 156.3, 161.27, 160.61, 158.36, 158.36, 163.34, 164.16, 172.93, 170.15, 178.53, 175.48, 168.13, 168.0
,ND,0.0, 0.0333, 0.0666, 0.0999, 0.133, 0.167, 0.2, 0.233, 0.267, 0.3, 0.333, 0.366, 0.4, 0.433, 0.466, 0.5, 0.533, 0.566, 0.6, 0.633, 0.666, 0.7, 0.733, 0.766, 0.8, 0.833, 0.866, 0.9, 0.933, 0.966, 0.999, 1.0
FlAsHProPClsAH224AH404A47,I,1035.0, 1117.92, 1063.77, 981.45, 945.51, 958.11, 950.7, 922.08, 904.74, 894.34, 888.37, 870.9, 883.01, 903.91, 894.27, 886.08, 881.61, 880.22, 880.08, 870.2, 852.14, 860.03, 877.52, 880.24, 879.0
,ND,0.0, 0.0428, 0.0857, 0.129, 0.171, 0.214, 0.257, 0.3, 0.343, 0.386, 0.428, 0.471, 0.514, 0.557, 0.6, 0.643, 0.685, 0.728, 0.771, 0.814, 0.857, 0.9, 0.942, 0.985, 1.0
FlAsHProPClsAH224AH404A40,I,843.0, 918.16, 947.81, 966.34, 928.32, 930.72, 925.77, 927.94, 940.82, 955.65, 969.89, 959.56, 944.54, 956.14, 943.62, 937.25, 949.47, 934.9, 938.26, 935.1, 938.21, 933.05, 914.84, 919.04, 923.5, 894.07, 877.86, 851.48, 823.15, 756.86, 748.0
,ND,0.0, 0.0343, 0.0687, 0.103, 0.137, 0.172, 0.206, 0.24, 0.275, 0.309, 0.343, 0.378, 0.412, 0.446, 0.481, 0.515, 0.549, 0.584, 0.618, 0.652, 0.687, 0.721, 0.755, 0.79, 0.824, 0.859, 0.893, 0.927, 0.962, 0.996, 1.0
FlAsHProPClsAH224AH404A91,I,1259.0, 1286.1, 1280.37, 1209.48, 1205.29, 1148.22, 1152.94, 1125.64, 1144.16, 1132.73, 1144.12, 1150.78, 1156.35, 1162.27, 1155.48, 1161.13, 1164.4, 1167.38, 1170.92, 1180.8, 1202.04, 1175.11, 1151.17, 1153.08, 1170.72, 1128.85, 1128.0
,ND,0.0, 0.04, 0.0799, 0.12, 0.16, 0.2, 0.24, 0.28, 0.32, 0.36, 0.4, 0.44, 0.48, 0.52, 0.56, 0.6, 0.639, 0.679, 0.719, 0.759, 0.799, 0.839, 0.879, 0.919, 0.959, 0.999, 1.0
FlAsHProPClsAH224AH404A77,I,1762.0, 1771.02, 1731.18, 1636.3, 1595.72, 1544.3, 1527.29, 1485.18, 1445.95, 1458.31, 1425.2, 1419.82, 1399.02, 1389.67, 1376.85, 1360.23, 1375.2, 1409.99, 1475.08, 1604.23, 1751.97, 1889.46, 1988.44, 2070.76, 2171.74, 2120.42, 2105.0
,ND,0.0, 0.0397, 0.0794, 0.119, 0.159, 0.199, 0.238, 0.278, 0.318, 0.357, 0.397, 0.437, 0.477, 0.516, 0.556, 0.596, 0.635, 0.675, 0.715, 0.755, 0.794, 0.834, 0.874, 0.913, 0.953, 0.993, 1.0
FlAsHProPClsAH224AH404A27,I,835.0, 1037.05, 1071.42, 1013.2, 983.5, 984.21, 975.5, 999.27, 1027.38, 1039.75, 1065.04, 1049.16, 1030.51, 1034.82, 1026.1, 1018.68, 1028.9, 1026.04, 1017.67, 970.1, 825.0
,ND,0.0, 0.0502, 0.1, 0.151, 0.201, 0.251, 0.301, 0.351, 0.402, 0.452, 0.502, 0.552, 0.602, 0.652, 0.703, 0.753, 0.803, 0.853, 0.903, 0.954, 1.0
FlAsHProPClsAH224AH404A73,I,2260.0, 2095.88, 1836.51, 1598.42, 1429.69, 1307.45, 1238.72, 1193.36, 1190.89, 1182.17, 1188.56, 1190.38, 1187.36, 1183.12, 1202.04, 1200.44, 1193.9, 1178.62, 1172.67, 1173.1, 1208.62, 1234.65, 1265.12, 1267.06, 1248.21, 1220.73, 1198.78, 1207.32, 1226.76, 1259.43, 1303.11, 1398.27, 1503.75, 1561.65, 1507.79, 1507.0
,ND,0.0, 0.0294, 0.0588, 0.0882, 0.118, 0.147, 0.176, 0.206, 0.235, 0.265, 0.294, 0.323, 0.353, 0.382, 0.412, 0.441, 0.47, 0.5, 0.529, 0.559, 0.588, 0.617, 0.647, 0.676, 0.706, 0.735, 0.764, 0.794, 0.823, 0.853, 0.882, 0.911, 0.941, 0.97, 1.0, 1.0
FlAsHProPClsAH224AH404A3,I,165.0, 165.89, 166.81, 172.76, 169.67, 168.63, 167.16, 165.68, 162.12, 165.41, 156.68, 158.62, 152.86, 159.49, 163.18, 155.42, 155.45, 149.52, 155.76, 151.78, 156.97, 153.45, 148.92, 150.88, 155.52, 155.09, 154.39, 151.51, 151.34, 155.23, 156.0
,ND,0.0, 0.0343, 0.0686, 0.103, 0.137, 0.171, 0.206, 0.24, 0.274, 0.309, 0.343, 0.377, 0.412, 0.446, 0.48, 0.514, 0.549, 0.583, 0.617, 0.652, 0.686, 0.72, 0.755, 0.789, 0.823, 0.857, 0.892, 0.926, 0.96, 0.995, 1.0
FlAsHProPClsAH224AH404A11,I,1137.0, 1083.29, 1031.02, 997.5, 980.21, 973.19, 984.67, 970.8, 972.58, 984.28, 975.12, 993.56, 977.21, 989.31, 969.31, 987.84, 968.99, 986.66, 990.3, 976.42, 979.49, 977.41, 981.36, 947.85, 843.15, 799.0
,ND,0.0, 0.0411, 0.0822, 0.123, 0.164, 0.205, 0.247, 0.288, 0.329, 0.37, 0.411, 0.452, 0.493, 0.534, 0.575, 0.616, 0.658, 0.699, 0.74, 0.781, 0.822, 0.863, 0.904, 0.945, 0.986, 1.0
FlAsHProPClsAH224AH404A31,I,1051.0, 1030.06, 1006.52, 996.27, 987.0, 982.88, 982.38, 969.08, 988.51, 978.2, 992.11, 1005.89, 997.52, 980.83, 992.32, 999.77, 1000.48, 997.36, 973.47, 985.48, 961.63, 955.47, 955.11, 949.23, 942.66, 935.24, 958.24, 973.84, 980.64, 984.4, 984.0
,ND,0.0, 0.0344, 0.0688, 0.103, 0.138, 0.172, 0.206, 0.241, 0.275, 0.31, 0.344, 0.378, 0.413, 0.447, 0.482, 0.516, 0.55, 0.585, 0.619, 0.654, 0.688, 0.722, 0.757, 0.791, 0.826, 0.86, 0.894, 0.929, 0.963, 0.998, 1.0
FlAsHProPClsAH224AH404A68,I,1046.0, 1022.32, 946.45, 941.39, 944.8, 948.03, 950.41, 926.8, 933.78, 912.56, 915.84, 955.42, 957.49, 975.77, 1009.92, 1053.26, 1102.45, 1140.8, 1273.33, 1364.75, 1369.63, 1331.0
,ND,0.0, 0.0486, 0.0971, 0.146, 0.194, 0.243, 0.291, 0.34, 0.389, 0.437, 0.486, 0.534, 0.583, 0.631, 0.68, 0.728, 0.777, 0.826, 0.874, 0.923, 0.971, 1.0
FlAsHProPClsAH224AH404A4,I,141.0, 146.62, 149.76, 160.47, 168.75, 166.28, 160.37, 167.76, 166.49, 168.13, 168.98, 168.94, 171.08, 174.39, 180.26, 178.33, 177.72, 181.34, 184.12, 188.54, 181.66, 180.02, 180.0
,ND,0.0, 0.0474, 0.0948, 0.142, 0.19, 0.237, 0.284, 0.332, 0.379, 0.427, 0.474, 0.521, 0.569, 0.616, 0.664, 0.711, 0.758, 0.806, 0.853, 0.901, 0.948, 0.995, 1.0
FlAsHProPClsAH224AH404A15,I,679.0, 751.46, 753.6, 772.47, 774.8, 774.83, 762.24, 758.88, 755.01, 777.88, 767.39, 765.81, 764.41, 767.18, 748.74, 739.08, 723.61, 729.75, 713.77, 708.12, 704.05, 708.44, 709.97, 726.45, 728.39, 737.55, 726.1, 720.39, 707.66, 725.74, 719.11, 719.0
,ND,0.0, 0.0333, 0.0666, 0.0999, 0.133, 0.167, 0.2, 0.233, 0.267, 0.3, 0.333, 0.366, 0.4, 0.433, 0.466, 0.5, 0.533, 0.566, 0.6, 0.633, 0.666, 0.7, 0.733, 0.766, 0.8, 0.833, 0.866, 0.9, 0.933, 0.966, 0.999, 1.0
FlAsHProPClsAH224AH404A97,I,1205.0, 1185.35, 1122.22, 1089.3, 1066.26, 1085.14, 1092.98, 1110.14, 1142.61, 1161.68, 1170.65, 1176.82, 1198.27, 1195.69, 1186.94, 1199.22, 1193.56, 1199.94, 1184.95, 1161.61, 1146.12, 1141.6, 1142.63, 1141.76, 1158.4, 1193.94, 1200.46, 1199.6, 1208.16, 1201.0
,ND,0.0, 0.0351, 0.0703, 0.105, 0.141, 0.176, 0.211, 0.246, 0.281, 0.316, 0.351, 0.387, 0.422, 0.457, 0.492, 0.527, 0.562, 0.597, 0.632, 0.668, 0.703, 0.738, 0.773, 0.808, 0.843, 0.878, 0.914, 0.949, 0.984, 1.0
FlAsHProPClsAH224AH404A23,I,608.0, 753.71, 829.23, 879.75, 911.29, 927.9, 940.42, 938.88, 936.49, 943.4, 944.41, 929.9, 919.67, 905.27, 899.88, 895.25, 880.36, 867.41, 836.61, 813.27, 758.47, 676.0
,ND,0.0, 0.0479, 0.0958, 0.144, 0.192, 0.239, 0.287, 0.335, 0.383, 0.431, 0.479, 0.527, 0.575, 0.623, 0.67, 0.718, 0.766, 0.814, 0.862, 0.91, 0.958, 1.0
FlAsHProPClsAH224AH404A6,I,607.0, 761.65, 817.99, 801.01, 778.69, 775.62, 765.57, 751.79, 757.33, 758.86, 755.97, 750.63, 738.4, 739.8, 736.11, 728.2, 717.16, 724.85, 724.66, 718.22, 719.42, 721.49, 747.15, 752.8, 753.91, 763.63, 764.6, 773.69, 786.0
,ND,0.0, 0.0362, 0.0725, 0.109, 0.145, 0.181, 0.217, 0.254, 0.29, 0.326, 0.362, 0.399, 0.435, 0.471, 0.507, 0.544, 0.58, 0.616, 0.652, 0.689, 0.725, 0.761, 0.797, 0.834, 0.87, 0.906, 0.942, 0.979, 1.0
FlAsHProPClsAH224AH404A37,I,973.0, 975.67, 960.52, 988.54, 986.93, 994.91, 996.19, 1004.04, 991.69, 998.65, 988.01, 984.19, 988.64, 978.21, 979.05, 957.26, 955.67, 972.79, 971.83, 964.0, 964.8, 896.74, 760.0
,ND,0.0, 0.0455, 0.0911, 0.137, 0.182, 0.228, 0.273, 0.319, 0.364, 0.41, 0.455, 0.501, 0.547, 0.592, 0.638, 0.683, 0.729, 0.774, 0.82, 0.865, 0.911, 0.957, 1.0
FlAsHProPClsAH224AH404A85,I,1931.0, 1835.36, 1723.33, 1684.08, 1653.0, 1619.61, 1630.27, 1629.83, 1646.2, 1650.54, 1669.64, 1691.45, 1684.49, 1658.87, 1651.45, 1628.83, 1612.84, 1547.29, 1552.4, 1535.11, 1552.99, 1588.37, 1600.25, 1629.53, 1645.79, 1659.28, 1661.44, 1659.45, 1677.43, 1694.82, 1711.72, 1744.09, 1790.42, 1818.82, 1832.0
,ND,0.0, 0.03, 0.0599, 0.0899, 0.12, 0.15, 0.18, 0.21, 0.24, 0.27, 0.3, 0.33, 0.36, 0.389, 0.419, 0.449, 0.479, 0.509, 0.539, 0.569, 0.599, 0.629, 0.659, 0.689, 0.719, 0.749, 0.779, 0.809, 0.839, 0.869, 0.899, 0.929, 0.959, 0.989, 1.0
FlAsHProPClsAH224AH404A96,I,1137.0, 1278.0, 1256.0, 1159.0, 1067.0, 1041.0, 1044.0, 1021.0, 1017.0, 1027.0, 1024.0, 1050.0, 1048.0, 1067.0, 1066.0, 1095.0, 1114.0, 1145.0, 1190.0, 1222.0, 1222.0, 1216.0, 1216.0
,ND,0.0, 0.0476, 0.0952, 0.143, 0.19, 0.238, 0.286, 0.333, 0.381, 0.429, 0.476, 0.524, 0.571, 0.619, 0.667, 0.714, 0.762, 0.81, 0.857, 0.905, 0.952, 1.0, 1.0
FlAsHProPClsAH224AH404A48,I,949.0, 948.54, 940.24, 947.52, 925.0, 921.06, 917.63, 905.36, 920.21, 914.01, 903.56, 909.24, 908.78, 916.08, 915.3, 919.02, 925.09, 920.62, 913.21, 909.18, 909.94, 920.29, 910.2, 901.76, 907.48, 927.63, 962.03, 966.8, 995.75, 1020.85, 945.05, 754.38, 725.0
,ND,0.0, 0.0321, 0.0642, 0.0963, 0.128, 0.161, 0.193, 0.225, 0.257, 0.289, 0.321, 0.353, 0.385, 0.417, 0.45, 0.482, 0.514, 0.546, 0.578, 0.61, 0.642, 0.674, 0.706, 0.738, 0.771, 0.803, 0.835, 0.867, 0.899, 0.931, 0.963, 0.995, 1.0
FlAsHProPClsAH224AH404A63,I,1574.0, 1606.26, 1541.49, 1509.77, 1496.39, 1480.57, 1509.1, 1510.81, 1498.92, 1476.26, 1471.81, 1485.14, 1471.17, 1468.88, 1485.51, 1472.13, 1483.79, 1515.76, 1555.84, 1587.55, 1630.52, 1694.24, 1790.57, 1885.45, 1855.29, 1692.77, 1678.0
,ND,0.0, 0.0399, 0.0797, 0.12, 0.159, 0.199, 0.239, 0.279, 0.319, 0.359, 0.399, 0.439, 0.478, 0.518, 0.558, 0.598, 0.638, 0.678, 0.718, 0.758, 0.797, 0.837, 0.877, 0.917, 0.957, 0.997, 1.0
FlAsHProPClsAH224AH404A82,I,1942.0, 2072.75, 2119.8, 2102.59, 2064.83, 2006.85, 1975.74, 1953.95, 1929.93, 1918.16, 1918.02, 1900.89, 1883.22, 1888.26, 1878.62, 1869.58, 1879.71, 1901.35, 1892.34, 1888.64, 1877.39, 1888.52, 1892.36, 1880.38, 1874.98, 1877.91, 1881.4, 1919.08, 1938.31, 1949.0
,ND,0.0, 0.0347, 0.0695, 0.104, 0.139, 0.174, 0.208, 0.243, 0.278, 0.313, 0.347, 0.382, 0.417, 0.452, 0.486, 0.521, 0.556, 0.59, 0.625, 0.66, 0.695, 0.729, 0.764, 0.799, 0.834, 0.868, 0.903, 0.938, 0.972, 1.0
FlAsHProPClsAH224AH404A18,I,945.0, 989.04, 978.6, 963.88, 954.82, 955.63, 930.98, 924.13, 913.53, 913.73, 933.65, 949.27, 947.54, 935.04, 919.41, 922.61, 934.82, 937.63, 914.99, 911.71, 940.76, 971.75, 1012.88, 1099.14, 1171.74, 1093.3, 1017.0
,ND,0.0, 0.039, 0.0781, 0.117, 0.156, 0.195, 0.234, 0.273, 0.312, 0.351, 0.39, 0.429, 0.469, 0.508, 0.547, 0.586, 0.625, 0.664, 0.703, 0.742, 0.781, 0.82, 0.859, 0.898, 0.937, 0.976, 1.0
FlAsHProPClsAH224AH404A64,I,1255.0, 1426.41, 1514.09, 1500.93, 1490.99, 1470.14, 1495.91, 1496.96, 1511.63, 1518.61, 1532.16, 1515.97, 1549.63, 1566.7, 1540.73, 1512.51, 1491.77, 1467.14, 1484.76, 1523.76, 1509.59, 1443.0
,ND,0.0, 0.0481, 0.0961, 0.144, 0.192, 0.24, 0.288, 0.336, 0.384, 0.433, 0.481, 0.529, 0.577, 0.625, 0.673, 0.721, 0.769, 0.817, 0.865, 0.913, 0.961, 1.0
FlAsHProPClsAH224AH404A25,I,577.0, 581.98, 589.67, 603.45, 605.19, 608.92, 593.84, 577.26, 578.35, 581.69, 583.8, 577.12, 589.82, 600.79, 613.52, 615.47, 628.29, 621.15, 612.12, 620.31, 641.08, 636.31, 635.48, 637.8, 639.56, 649.07, 651.0
,ND,0.0, 0.0396, 0.0792, 0.119, 0.158, 0.198, 0.238, 0.277, 0.317, 0.357, 0.396, 0.436, 0.475, 0.515, 0.555, 0.594, 0.634, 0.674, 0.713, 0.753, 0.792, 0.832, 0.872, 0.911, 0.951, 0.991, 1.0
FlAsHProPClsAH224AH404A13,I,812.0, 846.22, 827.56, 817.14, 803.93, 819.46, 804.28, 799.27, 780.0, 788.35, 787.92, 777.27, 798.55, 802.35, 789.24, 768.81, 739.39, 732.62, 726.25, 728.81, 734.73, 754.05, 759.1, 740.13, 708.53, 679.0
,ND,0.0, 0.0404, 0.0808, 0.121, 0.162, 0.202, 0.243, 0.283, 0.323, 0.364, 0.404, 0.445, 0.485, 0.525, 0.566, 0.606, 0.647, 0.687, 0.728, 0.768, 0.808, 0.849, 0.889, 0.93, 0.97, 1.0
FlAsHProPClsAH224AH404A83,I,1455.0, 1497.19, 1397.7, 1318.04, 1282.98, 1270.77, 1275.66, 1269.77, 1272.97, 1292.93, 1290.59, 1272.42, 1302.27, 1314.63, 1333.3, 1343.49, 1340.9, 1347.4, 1343.58, 1336.19, 1336.51, 1340.2, 1329.45, 1326.03, 1323.54, 1302.24, 1296.22, 1308.48, 1314.0
,ND,0.0, 0.0361, 0.0721, 0.108, 0.144, 0.18, 0.216, 0.252, 0.288, 0.325, 0.361, 0.397, 0.433, 0.469, 0.505, 0.541, 0.577, 0.613, 0.649, 0.685, 0.721, 0.757, 0.793, 0.829, 0.865, 0.902, 0.938, 0.974, 1.0
FlAsHProPClsAH224AH404A70,I,1004.0, 1212.47, 1345.18, 1386.21, 1382.17, 1372.32, 1364.8, 1375.89, 1361.3, 1383.78, 1391.07, 1387.86, 1396.64, 1391.91, 1392.43, 1416.9, 1407.76, 1439.98, 1448.21, 1424.62, 1411.94, 1409.43, 1432.04, 1418.86, 1436.42, 1467.12, 1465.0
,ND,0.0, 0.0391, 0.0783, 0.117, 0.157, 0.196, 0.235, 0.274, 0.313, 0.352, 0.391, 0.43, 0.47, 0.509, 0.548, 0.587, 0.626, 0.665, 0.704, 0.744, 0.783, 0.822, 0.861, 0.9, 0.939, 0.978, 1.0
FlAsHProPClsAH224AH404A78,I,1191.0, 1252.21, 1269.74, 1296.23, 1293.56, 1286.74, 1276.1, 1272.1, 1250.62, 1266.02, 1272.86, 1264.95, 1253.02, 1261.3, 1256.88, 1253.3, 1274.26, 1267.22, 1280.59, 1285.2, 1273.8, 1282.21, 1287.15, 1296.39, 1355.86, 1396.0, 1415.0
,ND,0.0, 0.0392, 0.0784, 0.118, 0.157, 0.196, 0.235, 0.275, 0.314, 0.353, 0.392, 0.431, 0.471, 0.51, 0.549, 0.588, 0.628, 0.667, 0.706, 0.745, 0.784, 0.824, 0.863, 0.902, 0.941, 0.981, 1.0
FlAsHProPClsAH224AH404A33,I,728.0, 771.28, 774.33, 754.85, 745.83, 742.06, 754.27, 756.07, 759.66, 758.29, 767.18, 757.35, 766.8, 770.5, 764.86, 774.71, 761.69, 758.02, 751.76, 735.52, 736.96, 721.56, 711.76, 713.33, 729.36, 742.98, 738.23, 747.22, 742.0
,ND,0.0, 0.0362, 0.0723, 0.108, 0.145, 0.181, 0.217, 0.253, 0.289, 0.325, 0.362, 0.398, 0.434, 0.47, 0.506, 0.542, 0.578, 0.615, 0.651, 0.687, 0.723, 0.759, 0.795, 0.832, 0.868, 0.904, 0.94, 0.976, 1.0
FlAsHProPClsAH224AH404A9,I,833.0, 938.37, 1055.29, 1103.12, 1089.65, 1063.06, 1017.03, 1013.46, 995.13, 978.47, 992.49, 1004.88, 976.31, 970.64, 965.42, 973.56, 967.84, 966.11, 971.68, 978.87, 977.75, 978.96, 970.32, 950.36, 906.9, 882.0
,ND,0.0, 0.041, 0.0819, 0.123, 0.164, 0.205, 0.246, 0.287, 0.328, 0.369, 0.41, 0.451, 0.492, 0.533, 0.573, 0.614, 0.655, 0.696, 0.737, 0.778, 0.819, 0.86, 0.901, 0.942, 0.983, 1.0
FlAsHProPClsAH224AH404A55,I,1011.0, 1010.16, 1018.06, 1035.94, 1036.87, 1037.32, 1040.32, 1022.35, 1017.9, 1010.1, 998.32, 972.3, 976.36, 974.09, 972.15, 985.46, 989.57, 1009.76, 1032.07, 1055.27, 1074.16, 1081.0
,ND,0.0, 0.049, 0.0981, 0.147, 0.196, 0.245, 0.294, 0.343, 0.392, 0.441, 0.49, 0.539, 0.588, 0.637, 0.686, 0.735, 0.784, 0.833, 0.883, 0.932, 0.981, 1.0
FlAsHProPClsAH224AH404A50,I,768.0, 852.89, 845.44, 827.68, 799.98, 791.41, 791.45, 790.22, 798.51, 778.55, 775.01, 765.25, 762.76, 768.11, 767.56, 772.59, 771.89, 785.81, 777.4, 772.15, 774.93, 798.06, 800.84, 802.43, 838.46, 844.0
,ND,0.0, 0.0413, 0.0827, 0.124, 0.165, 0.207, 0.248, 0.289, 0.331, 0.372, 0.413, 0.455, 0.496, 0.537, 0.579, 0.62, 0.662, 0.703, 0.744, 0.786, 0.827, 0.868, 0.91, 0.951, 0.992, 1.0
FlAsHProPClsAH224AH404A54,I,595.0, 635.99, 643.26, 622.51, 614.06, 616.28, 628.27, 619.19, 599.18, 580.81, 594.89, 597.69, 616.28, 602.2, 607.94, 614.13, 605.63, 620.08, 621.02, 632.33, 625.94, 612.63, 620.86, 623.1, 625.83, 648.16, 653.0
,ND,0.0, 0.0397, 0.0794, 0.119, 0.159, 0.199, 0.238, 0.278, 0.318, 0.357, 0.397, 0.437, 0.477, 0.516, 0.556, 0.596, 0.635, 0.675, 0.715, 0.755, 0.794, 0.834, 0.874, 0.913, 0.953, 0.993, 1.0
FlAsHProPClsAH224AH404A81,I,1029.0, 1287.49, 1443.07, 1448.75, 1438.39, 1436.79, 1440.8, 1436.27, 1429.97, 1412.88, 1408.63, 1417.84, 1421.01, 1427.2, 1437.53, 1430.93, 1440.24, 1440.48, 1429.09, 1440.52, 1432.62, 1415.64, 1410.11, 1423.41, 1421.43, 1402.0, 1410.4, 1399.18, 1379.0
,ND,0.0, 0.0363, 0.0727, 0.109, 0.145, 0.182, 0.218, 0.254, 0.291, 0.327, 0.363, 0.4, 0.436, 0.472, 0.509, 0.545, 0.582, 0.618, 0.654, 0.691, 0.727, 0.763, 0.8, 0.836, 0.872, 0.909, 0.945, 0.981, 1.0
FlAsHProPClsAH224AH404A19,I,968.0, 934.32, 886.23, 862.77, 845.7, 836.7, 832.65, 830.33, 822.44, 825.72, 837.35, 856.88, 852.25, 839.41, 842.11, 836.83, 816.07, 822.6, 862.15, 858.5, 851.79, 856.94, 855.7, 838.63, 823.79, 818.54, 816.78, 810.22, 801.71, 763.49, 760.0
,ND,0.0, 0.0344, 0.0688, 0.103, 0.138, 0.172, 0.206, 0.241, 0.275, 0.31, 0.344, 0.378, 0.413, 0.447, 0.482, 0.516, 0.55, 0.585, 0.619, 0.654, 0.688, 0.722, 0.757, 0.791, 0.826, 0.86, 0.894, 0.929, 0.963, 0.998, 1.0
FlAsHProPClsAH224AH404A65,I,1346.0, 1283.77, 1208.04, 1186.82, 1189.61, 1219.18, 1222.38, 1203.93, 1174.02, 1167.85, 1174.16, 1175.3, 1184.14, 1192.08, 1193.46, 1183.41, 1177.69, 1188.11, 1193.38, 1176.08, 1217.12, 1222.48, 1150.27, 1109.0
,ND,0.0, 0.0447, 0.0894, 0.134, 0.179, 0.224, 0.268, 0.313, 0.358, 0.402, 0.447, 0.492, 0.537, 0.581, 0.626, 0.671, 0.716, 0.76, 0.805, 0.85, 0.894, 0.939, 0.984, 1.0
FlAsHProPClsAH224AH404A12,I,643.0, 674.85, 683.71, 687.18, 702.9, 720.41, 730.77, 734.1, 730.7, 735.86, 726.3, 722.68, 708.4, 718.01, 721.11, 725.51, 728.76, 712.11, 712.02, 711.97, 718.33, 710.34, 696.76, 685.0
,ND,0.0, 0.0439, 0.0877, 0.132, 0.175, 0.219, 0.263, 0.307, 0.351, 0.395, 0.439, 0.482, 0.526, 0.57, 0.614, 0.658, 0.702, 0.745, 0.789, 0.833, 0.877, 0.921, 0.965, 1.0
FlAsHProPClsAH224AH404A99,I,944.0, 966.71, 965.41, 918.09, 926.76, 930.05, 924.69, 951.7, 948.1, 955.86, 951.69, 972.74, 961.31, 981.67, 969.54, 968.73, 988.79, 991.43, 1015.29, 1009.62, 1001.21, 1009.07, 1010.97, 1020.14, 1069.26, 1093.0
,ND,0.0, 0.0411, 0.0822, 0.123, 0.164, 0.205, 0.247, 0.288, 0.329, 0.37, 0.411, 0.452, 0.493, 0.534, 0.575, 0.616, 0.658, 0.699, 0.74, 0.781, 0.822, 0.863, 0.904, 0.945, 0.986, 1.0
FlAsHProPClsAH224AH404A43,I,673.0, 725.86, 753.13, 761.69, 750.68, 760.7, 754.64, 755.75, 740.84, 722.1, 722.66, 734.96, 725.39, 738.23, 731.1, 713.1, 712.83, 719.94, 722.21, 707.8, 718.19, 699.85, 689.06, 679.25, 648.51, 611.15, 596.0
,ND,0.0, 0.0392, 0.0784, 0.118, 0.157, 0.196, 0.235, 0.275, 0.314, 0.353, 0.392, 0.431, 0.471, 0.51, 0.549, 0.588, 0.628, 0.667, 0.706, 0.745, 0.784, 0.824, 0.863, 0.902, 0.941, 0.981, 1.0
FlAsHProPClsAH224AH404A26,I,992.0, 986.25, 999.12, 1032.67, 1018.41, 1028.33, 1039.92, 1061.16, 1059.0, 1052.35, 1040.12, 1036.54, 1042.34, 1047.04, 1046.22, 1057.15, 1056.06, 1047.54, 1037.71, 1035.2, 1036.35, 1029.3, 1038.05, 1023.74, 995.33, 977.0
,ND,0.0, 0.0411, 0.0821, 0.123, 0.164, 0.205, 0.246, 0.287, 0.329, 0.37, 0.411, 0.452, 0.493, 0.534, 0.575, 0.616, 0.657, 0.698, 0.739, 0.78, 0.821, 0.862, 0.903, 0.944, 0.986, 1.0
FlAsHProPClsAH224AH404A16,I,1059.0, 1105.89, 1123.09, 1124.03, 1077.7, 1091.88, 1098.82, 1111.16, 1130.14, 1144.37, 1190.39, 1204.32, 1182.49, 1151.57, 1145.98, 1133.76, 1148.31, 1157.0, 1159.31, 1172.01, 1190.17, 1213.86, 1220.0
,ND,0.0, 0.0456, 0.0912, 0.137, 0.182, 0.228, 0.274, 0.319, 0.365, 0.41, 0.456, 0.502, 0.547, 0.593, 0.638, 0.684, 0.73, 0.775, 0.821, 0.866, 0.912, 0.958, 1.0
FlAsHProPClsAH224AH404A102,I,1208.0, 1237.88, 1248.85, 1234.29, 1223.29, 1226.94, 1235.78, 1208.43, 1189.28, 1190.54, 1205.59, 1231.5, 1248.85, 1279.85, 1294.75, 1293.12, 1274.87, 1251.78, 1237.9, 1233.08, 1223.42, 1200.51, 1157.03, 1110.14, 1074.16, 1065.26, 1055.22, 1046.28, 1055.38, 1068.09, 1074.38, 1074.0
,ND,0.0, 0.033, 0.0661, 0.0991, 0.132, 0.165, 0.198, 0.231, 0.264, 0.297, 0.33, 0.363, 0.396, 0.43, 0.463, 0.496, 0.529, 0.562, 0.595, 0.628, 0.661, 0.694, 0.727, 0.76, 0.793, 0.826, 0.859, 0.892, 0.925, 0.958, 0.991, 1.0
FlAsHProPClsAH224AH404A46,I,552.0, 631.76, 718.3, 802.41, 853.71, 863.65, 868.84, 856.36, 861.48, 864.65, 872.97, 879.47, 892.93, 907.01, 903.12, 906.79, 897.81, 878.38, 873.14, 859.61, 857.16, 836.01, 813.12, 778.12, 775.05, 772.0
,ND,0.0, 0.0404, 0.0808, 0.121, 0.162, 0.202, 0.242, 0.283, 0.323, 0.364, 0.404, 0.444, 0.485, 0.525, 0.565, 0.606, 0.646, 0.687, 0.727, 0.767, 0.808, 0.848, 0.889, 0.929, 0.969, 1.0
FlAsHProPClsAH224AH404A10,I,590.0, 696.68, 762.07, 761.45, 749.03, 738.26, 736.02, 743.25, 739.04, 735.47, 739.56, 738.0, 734.15, 747.94, 757.13, 753.7, 748.92, 744.93, 729.65, 715.74, 688.14, 679.56, 685.71, 690.2, 693.85, 695.88, 686.7, 686.89, 697.71, 709.6, 727.64, 716.84, 727.81, 728.0
,ND,0.0, 0.0312, 0.0625, 0.0937, 0.125, 0.156, 0.187, 0.219, 0.25, 0.281, 0.312, 0.344, 0.375, 0.406, 0.437, 0.469, 0.5, 0.531, 0.562, 0.593, 0.625, 0.656, 0.687, 0.718, 0.75, 0.781, 0.812, 0.843, 0.875, 0.906, 0.937, 0.968, 1.0, 1.0
FlAsHProPClsAH224AH404A60,I,1229.0, 1453.29, 1439.88, 1333.67, 1123.06, 1010.48, 973.45, 967.59, 996.07, 1051.24, 1229.81, 1540.35, 1815.71, 1912.94, 1707.09, 1483.0
,ND,0.0, 0.0687, 0.137, 0.206, 0.275, 0.343, 0.412, 0.481, 0.549, 0.618, 0.687, 0.755, 0.824, 0.893, 0.962, 1.0
FlAsHProPClsAH224AH404A17,I,931.0, 965.98, 979.93, 1004.59, 1030.79, 1040.31, 1044.72, 1032.51, 1038.96, 1042.0, 1052.86, 1039.46, 1022.61, 1025.46, 1013.74, 1031.61, 1043.15, 1072.13, 1054.95, 1067.29, 1059.32, 1057.45, 1048.72, 1030.33, 996.74, 991.74, 991.0, 979.25, 956.47, 963.83, 962.11, 954.37, 961.13, 964.77, 954.08, 993.87, 1015.78, 1028.95, 1060.99, 1068.0
,ND,0.0, 0.0262, 0.0524, 0.0786, 0.105, 0.131, 0.157, 0.183, 0.21, 0.236, 0.262, 0.288, 0.314, 0.34, 0.367, 0.393, 0.419, 0.445, 0.471, 0.498, 0.524, 0.55, 0.576, 0.602, 0.629, 0.655, 0.681, 0.707, 0.733, 0.759, 0.786, 0.812, 0.838, 0.864, 0.89, 0.917, 0.943, 0.969, 0.995, 1.0
FlAsHProPClsAH224AH404A42,I,660.0, 675.69, 681.14, 683.47, 669.61, 661.63, 656.99, 659.4, 662.58, 657.76, 661.78, 672.04, 684.27, 648.59, 652.91, 643.46, 627.78, 623.01, 618.45, 622.58, 611.2, 607.0
,ND,0.0, 0.0485, 0.097, 0.146, 0.194, 0.243, 0.291, 0.34, 0.388, 0.437, 0.485, 0.534, 0.582, 0.631, 0.679, 0.728, 0.776, 0.825, 0.873, 0.922, 0.97, 1.0
FlAsHProPClsAH224AH404A41,I,812.0, 867.73, 884.02, 870.54, 858.4, 857.48, 870.77, 896.63, 885.29, 885.14, 878.99, 865.37, 858.5, 859.01, 849.38, 855.56, 859.24, 863.04, 861.9, 845.78, 799.69, 764.67, 764.0
,ND,0.0, 0.0476, 0.0951, 0.143, 0.19, 0.238, 0.285, 0.333, 0.381, 0.428, 0.476, 0.523, 0.571, 0.618, 0.666, 0.713, 0.761, 0.809, 0.856, 0.904, 0.951, 0.999, 1.0
FlAsHProPClsAH224AH404A20,I,970.0, 961.58, 940.92, 920.82, 892.84, 884.49, 884.25, 893.67, 899.29, 903.76, 909.49, 903.6, 903.2, 908.22, 917.53, 927.66, 932.68, 944.55, 956.15, 960.2, 969.68, 972.48, 981.06, 966.47, 978.1, 993.54, 1012.64, 1034.19, 1074.07, 1095.0
,ND,0.0, 0.0351, 0.0703, 0.105, 0.141, 0.176, 0.211, 0.246, 0.281, 0.316, 0.351, 0.387, 0.422, 0.457, 0.492, 0.527, 0.562, 0.597, 0.632, 0.668, 0.703, 0.738, 0.773, 0.808, 0.843, 0.878, 0.914, 0.949, 0.984, 1.0
FlAsHProPClsAH224AH404A51,I,845.0, 846.29, 800.31, 765.81, 762.73, 752.51, 752.56, 765.66, 769.88, 755.35, 790.08, 782.35, 786.46, 780.2, 776.97, 774.58, 762.96, 750.23, 758.74, 749.46, 758.21, 758.1, 753.05, 767.85, 765.97, 764.95, 772.21, 763.36, 751.18, 732.0
,ND,0.0, 0.0352, 0.0704, 0.106, 0.141, 0.176, 0.211, 0.246, 0.281, 0.317, 0.352, 0.387, 0.422, 0.457, 0.493, 0.528, 0.563, 0.598, 0.633, 0.668, 0.704, 0.739, 0.774, 0.809, 0.844, 0.879, 0.915, 0.95, 0.985, 1.0
FlAsHProPClsAH224AH404A90,I,1397.0, 1441.22, 1432.81, 1412.68, 1379.39, 1354.92, 1354.21, 1383.85, 1385.14, 1374.28, 1390.37, 1393.91, 1391.58, 1390.14, 1427.89, 1499.41, 1566.15, 1597.38, 1599.0
,ND,0.0, 0.0587, 0.117, 0.176, 0.235, 0.294, 0.352, 0.411, 0.47, 0.528, 0.587, 0.646, 0.705, 0.763, 0.822, 0.881, 0.94, 0.998, 1.0
FlAsHProPClsAH224AH404A14,I,593.0, 712.06, 800.2, 844.64, 869.11, 906.86, 935.02, 961.53, 965.37, 956.12, 945.5, 932.49, 934.98, 935.04, 932.84, 938.36, 908.1, 906.63, 929.6, 935.79, 945.09, 951.75, 946.44, 939.69, 909.53, 831.55, 762.0
,ND,0.0, 0.039, 0.078, 0.117, 0.156, 0.195, 0.234, 0.273, 0.312, 0.351, 0.39, 0.429, 0.468, 0.507, 0.546, 0.585, 0.624, 0.663, 0.702, 0.741, 0.78, 0.819, 0.858, 0.897, 0.936, 0.975, 1.0
FlAsHProPClsAH224AH404A7,I,1086.0, 1149.0, 1130.0, 1172.0, 1148.0, 1138.0, 1154.0, 1187.0, 1175.0, 1142.0, 1159.0, 1142.0, 1168.0, 1155.0, 1126.0, 1167.0, 1183.0, 1187.0, 1149.0, 1158.0, 1156.0, 1162.0, 1147.0, 1179.0, 1177.0, 1221.0, 1200.0, 1190.0, 1171.0, 1165.0, 1168.0, 1186.0, 1218.0, 1260.0, 1243.0
,ND,0.0, 0.0294, 0.0588, 0.0882, 0.118, 0.147, 0.176, 0.206, 0.235, 0.265, 0.294, 0.324, 0.353, 0.382, 0.412, 0.441, 0.471, 0.5, 0.529, 0.559, 0.588, 0.618, 0.647, 0.676, 0.706, 0.735, 0.765, 0.794, 0.824, 0.853, 0.882, 0.912, 0.941, 0.971, 1.0
FlAsHProPClsAH224AH404A5,I,158.0, 160.25, 160.6, 161.29, 166.69, 169.04, 165.2, 171.81, 174.87, 168.47, 165.8, 164.34, 166.35, 166.52, 160.03, 163.81, 166.63, 163.42, 165.21, 169.29, 167.27, 171.41, 171.41, 168.29, 171.25, 172.2, 171.36, 172.25, 178.36, 178.23, 179.0
,ND,0.0, 0.0343, 0.0686, 0.103, 0.137, 0.171, 0.206, 0.24, 0.274, 0.309, 0.343, 0.377, 0.412, 0.446, 0.48, 0.514, 0.549, 0.583, 0.617, 0.652, 0.686, 0.72, 0.755, 0.789, 0.823, 0.857, 0.892, 0.926, 0.96, 0.995, 1.0
FlAsHProPClsAH224AH404A61,I,1334.0, 1582.93, 1616.38, 1537.72, 1470.37, 1421.54, 1382.12, 1355.88, 1351.77, 1356.29, 1341.98, 1343.22, 1372.67, 1359.86, 1356.67, 1368.1, 1360.83, 1362.23, 1368.37, 1355.56, 1331.66, 1306.81, 1298.07, 1293.54, 1288.6, 1276.47, 1274.0
,ND,0.0, 0.0395, 0.079, 0.118, 0.158, 0.197, 0.237, 0.276, 0.316, 0.355, 0.395, 0.434, 0.474, 0.513, 0.553, 0.592, 0.632, 0.671, 0.711, 0.75, 0.79, 0.829, 0.869, 0.908, 0.948, 0.987, 1.0
FlAsHProPClsAH224AH404A59,I,145.0, 155.09, 161.2, 169.84, 166.84, 169.84, 171.97, 162.24, 165.49, 167.75, 168.73, 168.22, 169.43, 166.62, 171.46, 178.79, 181.5, 184.07, 188.81, 190.0
,ND,0.0, 0.0545, 0.109, 0.163, 0.218, 0.272, 0.327, 0.381, 0.436, 0.49, 0.545, 0.599, 0.654, 0.708, 0.763, 0.817, 0.872, 0.926, 0.981, 1.0
FlAsHProPClsAH224AH404A92,I,1055.0, 1060.59, 1039.73, 1031.89, 1037.63, 1048.65, 1082.88, 1082.55, 1116.81, 1139.63, 1145.07, 1144.32, 1158.13, 1178.7, 1191.35, 1187.44, 1183.35, 1176.89, 1170.27, 1182.38, 1167.81, 1148.68, 1120.56, 1126.33, 1125.49, 1111.96, 1102.31, 1120.52, 1135.31, 1141.08, 1152.96, 1154.0
,ND,0.0, 0.0332, 0.0665, 0.0997, 0.133, 0.166, 0.199, 0.233, 0.266, 0.299, 0.332, 0.366, 0.399, 0.432, 0.465, 0.499, 0.532, 0.565, 0.598, 0.632, 0.665, 0.698, 0.731, 0.765, 0.798, 0.831, 0.864, 0.898, 0.931, 0.964, 0.997, 1.0
FlAsHProPClsAH224AH404A52,I,1236.0, 1110.88, 1011.88, 937.31, 912.21, 892.38, 896.35, 900.06, 881.41, 882.0, 883.6, 894.55, 906.55, 916.59, 908.4, 921.08, 934.65, 935.89, 939.88, 920.88, 917.47, 924.33, 892.42, 892.92, 904.63, 907.77, 897.35, 895.81, 911.78, 907.49, 904.65, 908.27, 931.98, 972.23, 985.0
,ND,0.0, 0.0298, 0.0597, 0.0895, 0.119, 0.149, 0.179, 0.209, 0.239, 0.268, 0.298, 0.328, 0.358, 0.388, 0.418, 0.447, 0.477, 0.507, 0.537, 0.567, 0.597, 0.626, 0.656, 0.686, 0.716, 0.746, 0.776, 0.805, 0.835, 0.865, 0.895, 0.925, 0.954, 0.984, 1.0
FlAsHProPClsAH224AH404A101,I,1852.0, 1808.96, 1754.68, 1710.09, 1688.68, 1704.22, 1705.56, 1670.03, 1640.33, 1653.4, 1668.73, 1655.07, 1664.56, 1658.97, 1647.93, 1627.8, 1628.23, 1587.86, 1582.38, 1554.26, 1523.92, 1492.31, 1482.07, 1462.89, 1452.59, 1461.6, 1472.81, 1478.82, 1493.16, 1506.14, 1491.51, 1547.23, 1548.0
,ND,0.0, 0.0322, 0.0645, 0.0967, 0.129, 0.161, 0.193, 0.226, 0.258, 0.29, 0.322, 0.355, 0.387, 0.419, 0.451, 0.484, 0.516, 0.548, 0.58, 0.613, 0.645, 0.677, 0.709, 0.742, 0.774, 0.806, 0.838, 0.871, 0.903, 0.935, 0.967, 0.999, 1.0
FlAsHProPClsAH224AH404A1,I,158.0, 164.48, 171.94, 176.18, 176.97, 169.67, 167.79, 174.24, 174.78, 172.26, 172.37, 165.89, 165.91, 167.88, 170.4, 175.33, 178.77, 175.38, 172.0, 172.36, 167.44, 162.0
,ND,0.0, 0.0485, 0.097, 0.146, 0.194, 0.243, 0.291, 0.34, 0.388, 0.437, 0.485, 0.534, 0.582, 0.631, 0.679, 0.728, 0.776, 0.825, 0.873, 0.922, 0.97, 1.0
FlAsHProPClsAH224AH404A49,I,741.0, 760.43, 709.31, 705.45, 698.03, 690.86, 686.84, 679.24, 671.44, 665.76, 672.52, 678.38, 668.05, 673.56, 670.78, 676.55, 690.87, 715.67, 729.0
,ND,0.0, 0.0573, 0.115, 0.172, 0.229, 0.286, 0.344, 0.401, 0.458, 0.515, 0.573, 0.63, 0.687, 0.744, 0.802, 0.859, 0.916, 0.973, 1.0
FlAsHProPClsAH224AH404A39,I,676.0, 730.11, 768.92, 764.75, 754.66, 756.19, 749.88, 739.37, 749.13, 746.12, 752.73, 744.63, 741.77, 745.37, 743.42, 742.35, 741.81, 738.93, 741.14, 745.18, 728.16, 729.51, 731.24, 736.94, 725.05, 712.99, 713.58, 715.0
,ND,0.0, 0.0382, 0.0764, 0.115, 0.153, 0.191, 0.229, 0.267, 0.306, 0.344, 0.382, 0.42, 0.458, 0.497, 0.535, 0.573, 0.611, 0.65, 0.688, 0.726, 0.764, 0.802, 0.841, 0.879, 0.917, 0.955, 0.993, 1.0
FlAsHProPClsAH224AH404A29,I,700.0, 754.01, 736.33, 737.58, 738.04, 724.87, 730.01, 722.21, 736.95, 738.91, 738.78, 734.4, 739.34, 733.44, 722.64, 723.19, 723.32, 716.85, 725.02, 727.23, 723.58, 707.17, 684.65, 675.0
,ND,0.0, 0.0443, 0.0886, 0.133, 0.177, 0.222, 0.266, 0.31, 0.355, 0.399, 0.443, 0.488, 0.532, 0.576, 0.621, 0.665, 0.709, 0.754, 0.798, 0.842, 0.886, 0.931, 0.975, 1.0
FlAsHProPClsAH224AH404A34,I,415.0, 473.36, 511.64, 526.88, 538.36, 547.2, 545.94, 545.51, 554.57, 557.43, 555.55, 555.92, 566.58, 551.27, 541.4, 538.89, 531.51, 530.94, 543.99, 554.65, 555.45, 555.84, 548.45, 549.11, 547.3, 546.81, 554.83, 556.27, 555.63, 555.0
,ND,0.0, 0.0346, 0.0693, 0.104, 0.139, 0.173, 0.208, 0.243, 0.277, 0.312, 0.346, 0.381, 0.416, 0.45, 0.485, 0.52, 0.554, 0.589, 0.624, 0.658, 0.693, 0.728, 0.762, 0.797, 0.832, 0.866, 0.901, 0.935, 0.97, 1.0
FlAsHProPClsAH224AH404A79,I,1179.0, 1150.6, 1137.03, 1139.35, 1136.37, 1140.05, 1140.98, 1156.44, 1164.2, 1130.57, 1140.39, 1130.27, 1132.44, 1116.91, 1073.01, 1075.35, 1080.51, 1071.12, 1075.15, 1112.24, 1142.93, 1170.99, 1197.05, 1264.77, 1341.43, 1415.35, 1465.0
,ND,0.0, 0.039, 0.0781, 0.117, 0.156, 0.195, 0.234, 0.273, 0.312, 0.351, 0.39, 0.429, 0.469, 0.508, 0.547, 0.586, 0.625, 0.664, 0.703, 0.742, 0.781, 0.82, 0.859, 0.898, 0.937, 0.976, 1.0
FlAsHProPClsAH224AH404A71,I,1117.0, 1184.53, 1194.92, 1192.95, 1209.4, 1225.47, 1256.41, 1294.75, 1301.45, 1304.15, 1323.19, 1330.7, 1303.09, 1266.95, 1263.63, 1299.29, 1277.33, 1299.79, 1311.33, 1301.29, 1307.96, 1304.89, 1282.04, 1253.32, 1235.33, 1247.13, 1265.76, 1270.14, 1284.07, 1266.04, 1258.64, 1232.98, 1202.0
,ND,0.0, 0.0318, 0.0637, 0.0955, 0.127, 0.159, 0.191, 0.223, 0.255, 0.287, 0.318, 0.35, 0.382, 0.414, 0.446, 0.478, 0.51, 0.541, 0.573, 0.605, 0.637, 0.669, 0.701, 0.732, 0.764, 0.796, 0.828, 0.86, 0.892, 0.924, 0.955, 0.987, 1.0
FlAsHProPClsAH224AH404A62,I,1585.0, 1675.0, 1618.0, 1529.0, 1463.0, 1422.0, 1444.0, 1386.0, 1403.0, 1416.0, 1453.0, 1455.0, 1467.0, 1466.0, 1452.0, 1432.0, 1433.0, 1443.0, 1514.0, 1562.0, 1648.0, 1762.0, 1877.0, 1748.0, 1748.0
,ND,0.0, 0.0435, 0.087, 0.13, 0.174, 0.217, 0.261, 0.304, 0.348, 0.391, 0.435, 0.478, 0.522, 0.565, 0.609, 0.652, 0.696, 0.739, 0.783, 0.826, 0.87, 0.913, 0.957, 1.0, 1.0
FlAsHProPClsAH224AH404A2,I,174.0, 183.89, 183.69, 187.13, 182.13, 183.73, 187.26, 186.87, 185.12, 179.34, 178.63, 179.57, 177.85, 182.78, 181.88, 181.17, 181.74, 178.77, 193.82, 193.42, 194.34, 185.44, 178.14, 178.0
,ND,0.0, 0.0454, 0.0908, 0.136, 0.182, 0.227, 0.272, 0.318, 0.363, 0.409, 0.454, 0.499, 0.545, 0.59, 0.636, 0.681, 0.727, 0.772, 0.817, 0.863, 0.908, 0.954, 0.999, 1.0
FlAsHProPClsAH224AH404A30,I,1065.0, 1099.64, 1078.89, 1041.71, 1025.02, 1014.18, 1012.2, 1021.19, 1034.42, 1024.73, 1017.02, 1030.57, 1018.99, 996.55, 997.49, 987.03, 971.06, 960.75, 944.7, 927.21, 952.37, 948.23, 977.9, 1000.93, 1003.0
,ND,0.0, 0.0433, 0.0866, 0.13, 0.173, 0.217, 0.26, 0.303, 0.347, 0.39, 0.433, 0.476, 0.52, 0.563, 0.606, 0.65, 0.693, 0.736, 0.78, 0.823, 0.866, 0.91, 0.953, 0.996, 1.0
FlAsHProPClsAH224AH404A66,I,1203.0, 1253.75, 1261.58, 1238.07, 1232.75, 1256.08, 1231.55, 1208.81, 1192.66, 1190.82, 1210.59, 1236.4, 1248.42, 1260.82, 1279.28, 1293.09, 1303.45, 1334.53, 1346.66, 1357.57, 1340.32, 1310.86, 1286.49, 1288.88, 1301.0, 1313.62, 1330.45, 1365.94, 1417.79, 1487.29, 1520.0
,ND,0.0, 0.034, 0.068, 0.102, 0.136, 0.17, 0.204, 0.238, 0.272, 0.306, 0.34, 0.374, 0.408, 0.442, 0.476, 0.51, 0.544, 0.578, 0.612, 0.646, 0.68, 0.714, 0.748, 0.782, 0.816, 0.85, 0.884, 0.917, 0.951, 0.985, 1.0
FlAsHProPClsAH224AH404A24,I,607.0, 666.06, 698.26, 714.27, 718.45, 726.79, 733.8, 745.49, 749.77, 761.48, 780.12, 776.3, 775.6, 772.35, 768.68, 757.88, 758.54, 757.29, 755.88, 773.55, 748.35, 733.0
,ND,0.0, 0.0487, 0.0975, 0.146, 0.195, 0.244, 0.292, 0.341, 0.39, 0.439, 0.487, 0.536, 0.585, 0.634, 0.682, 0.731, 0.78, 0.829, 0.877, 0.926, 0.975, 1.0
FlAsHProPClsAH224AH404A88,I,1126.0, 1182.69, 1141.1, 1066.42, 1061.15, 1071.99, 1089.37, 1091.49, 1085.63, 1093.12, 1099.71, 1102.78, 1115.13, 1114.55, 1127.36, 1147.1, 1175.62, 1202.75, 1233.06, 1296.63, 1340.62, 1178.49, 942.79, 909.0
,ND,0.0, 0.0452, 0.0904, 0.136, 0.181, 0.226, 0.271, 0.316, 0.361, 0.407, 0.452, 0.497, 0.542, 0.587, 0.632, 0.678, 0.723, 0.768, 0.813, 0.858, 0.904, 0.949, 0.994, 1.0
FlAsHProPClsAH224AH404A89,I,1304.0, 1267.28, 1206.05, 1145.24, 1111.44, 1096.87, 1108.2, 1123.47, 1124.75, 1123.89, 1156.87, 1171.84, 1173.01, 1201.43, 1227.87, 1232.34, 1256.28, 1269.6, 1292.3, 1298.66, 1292.45, 1268.86, 1255.42, 1227.51, 1229.45, 1167.01, 1068.0
,ND,0.0, 0.0387, 0.0775, 0.116, 0.155, 0.194, 0.232, 0.271, 0.31, 0.349, 0.387, 0.426, 0.465, 0.504, 0.542, 0.581, 0.62, 0.659, 0.697, 0.736, 0.775, 0.814, 0.852, 0.891, 0.93, 0.969, 1.0
FlAsHProPClsAH224AH404A32,I,562.0, 629.72, 674.32, 693.76, 702.2, 722.0, 714.6, 720.2, 741.16, 741.64, 723.0, 750.2, 759.48, 758.36, 767.36, 779.0, 760.12, 762.88, 767.16, 764.56, 745.0, 736.48, 720.68, 708.76, 697.2, 685.0, 683.72, 685.28, 684.48, 670.32, 682.0, 682.0
,ND,0.0, 0.0333, 0.0667, 0.1, 0.133, 0.167, 0.2, 0.233, 0.267, 0.3, 0.333, 0.367, 0.4, 0.433, 0.467, 0.5, 0.533, 0.567, 0.6, 0.633, 0.667, 0.7, 0.733, 0.767, 0.8, 0.833, 0.867, 0.9, 0.933, 0.967, 1.0, 1.0
FlAsHProPClsAH224AH404A93,I,1226.0, 1393.81, 1439.42, 1392.95, 1367.27, 1350.44, 1365.83, 1365.58, 1383.9, 1367.05, 1372.9, 1375.68, 1351.3, 1354.8, 1355.04, 1334.91, 1322.7, 1333.5, 1347.39, 1373.11, 1391.4, 1405.05, 1431.66, 1483.98, 1556.44, 1673.09, 1853.54, 1868.0
,ND,0.0, 0.0383, 0.0767, 0.115, 0.153, 0.192, 0.23, 0.268, 0.307, 0.345, 0.383, 0.422, 0.46, 0.499, 0.537, 0.575, 0.614, 0.652, 0.69, 0.729, 0.767, 0.805, 0.844, 0.882, 0.92, 0.959, 0.997, 1.0
FlAsHProPClsAH224AH404A53,I,1095.0, 1110.78, 1111.33, 1124.77, 1122.09, 1136.54, 1156.72, 1174.12, 1180.82, 1197.55, 1191.44, 1180.99, 1180.76, 1183.89, 1175.9, 1168.72, 1167.77, 1189.51, 1208.68, 1197.28, 1193.18, 1219.08, 1259.17, 1276.73, 1240.0
,ND,0.0, 0.0421, 0.0841, 0.126, 0.168, 0.21, 0.252, 0.294, 0.337, 0.379, 0.421, 0.463, 0.505, 0.547, 0.589, 0.631, 0.673, 0.715, 0.757, 0.799, 0.841, 0.883, 0.926, 0.968, 1.0
FlAsHProPClsAH224AH404A72,I,912.0, 906.67, 894.24, 883.9, 898.91, 935.53, 952.29, 956.58, 961.63, 944.8, 950.14, 948.54, 958.63, 963.1, 964.39, 955.18, 946.99, 974.72, 977.13, 1019.48, 1025.34, 999.97, 984.0
,ND,0.0, 0.0466, 0.0931, 0.14, 0.186, 0.233, 0.279, 0.326, 0.373, 0.419, 0.466, 0.512, 0.559, 0.605, 0.652, 0.699, 0.745, 0.792, 0.838, 0.885, 0.931, 0.978, 1.0
