lowcls+24,I,1585.0, 1542.73, 1513.67, 1520.49, 1510.52, 1502.03, 1481.59, 1474.03, 1471.88, 1458.59, 1452.58, 1435.47, 1424.5, 1419.6, 1432.48, 1448.82, 1466.03, 1467.08, 1497.49, 1506.0
,ND,0.0, 0.0542, 0.108, 0.163, 0.217, 0.271, 0.325, 0.38, 0.434, 0.488, 0.542, 0.597, 0.651, 0.705, 0.759, 0.813, 0.868, 0.922, 0.976, 1.0
lowcls+91,I,1121.0, 1177.49, 1216.77, 1224.63, 1184.36, 1156.86, 1179.07, 1195.13, 1225.62, 1222.16, 1183.14, 1146.79, 1157.52, 1198.76, 1269.52, 1415.69, 1614.44, 1665.98, 1666.0
,ND,0.0, 0.0588, 0.118, 0.176, 0.235, 0.294, 0.353, 0.412, 0.471, 0.529, 0.588, 0.647, 0.706, 0.765, 0.824, 0.882, 0.941, 1.0, 1.0
lowcls+68,I,1798.0, 1827.35, 1815.02, 1779.75, 1755.4, 1789.66, 1784.88, 1760.13, 1733.77, 1765.63, 1738.53, 1741.12, 1774.54, 1791.22, 1770.25, 1734.75, 1721.43, 1707.61, 1707.0
,ND,0.0, 0.0587, 0.117, 0.176, 0.235, 0.294, 0.352, 0.411, 0.47, 0.528, 0.587, 0.646, 0.705, 0.763, 0.822, 0.881, 0.94, 0.998, 1.0
lowcls+49,I,1663.0, 1660.12, 1675.49, 1727.22, 1748.01, 1715.0, 1630.63, 1574.81, 1569.17, 1584.11, 1553.52, 1562.76, 1537.62, 1520.39, 1521.19, 1537.41, 1581.82, 1629.85, 1716.03, 1848.47, 2006.73, 2093.48, 2077.57, 2010.34, 1891.18, 1765.15, 1576.72, 1494.0
,ND,0.0, 0.0379, 0.0758, 0.114, 0.152, 0.189, 0.227, 0.265, 0.303, 0.341, 0.379, 0.417, 0.455, 0.492, 0.53, 0.568, 0.606, 0.644, 0.682, 0.72, 0.758, 0.795, 0.833, 0.871, 0.909, 0.947, 0.985, 1.0
lowcls+32,I,2478.0, 2621.61, 2740.1, 2762.17, 2672.09, 2604.41, 2575.37, 2590.19, 2646.06, 2677.7, 2692.15, 2695.41, 2716.2, 2685.35, 2698.42, 2671.7, 2650.24, 2659.93, 2676.95, 2634.16, 2659.98, 2691.75, 2649.28, 2572.53, 2550.0
,ND,0.0, 0.0428, 0.0857, 0.129, 0.171, 0.214, 0.257, 0.3, 0.343, 0.386, 0.428, 0.471, 0.514, 0.557, 0.6, 0.643, 0.685, 0.728, 0.771, 0.814, 0.857, 0.9, 0.942, 0.985, 1.0
lowcls+28,I,1571.0, 1567.42, 1552.28, 1483.42, 1425.86, 1412.15, 1395.59, 1406.98, 1384.15, 1394.54, 1382.19, 1367.64, 1365.53, 1375.63, 1371.05, 1385.68, 1367.26, 1380.51, 1403.41, 1412.26, 1401.18, 1458.32, 1483.06, 1546.1, 1590.1, 1591.0
,ND,0.0, 0.0416, 0.0833, 0.125, 0.167, 0.208, 0.25, 0.291, 0.333, 0.375, 0.416, 0.458, 0.5, 0.541, 0.583, 0.624, 0.666, 0.708, 0.749, 0.791, 0.833, 0.874, 0.916, 0.958, 0.999, 1.0
lowcls+96,I,1543.0, 1508.38, 1411.59, 1310.24, 1259.53, 1241.11, 1221.22, 1192.66, 1187.21, 1163.54, 1145.29, 1155.34, 1229.82, 1332.2, 1362.5, 1331.0
,ND,0.0, 0.0673, 0.135, 0.202, 0.269, 0.336, 0.404, 0.471, 0.538, 0.605, 0.673, 0.74, 0.807, 0.874, 0.942, 1.0
lowcls+102,I,787.0, 778.29, 809.54, 843.79, 896.76, 906.28, 889.22, 864.08, 852.13, 878.95, 890.5, 898.04, 885.48, 858.77, 843.98, 851.27, 867.6, 901.96, 952.9, 1043.51, 1133.16, 1131.33, 1044.81, 913.65, 867.0
,ND,0.0, 0.0428, 0.0857, 0.129, 0.171, 0.214, 0.257, 0.3, 0.343, 0.386, 0.428, 0.471, 0.514, 0.557, 0.6, 0.643, 0.685, 0.728, 0.771, 0.814, 0.857, 0.9, 0.942, 0.985, 1.0
lowcls+44,I,1368.0, 1409.97, 1449.39, 1459.99, 1478.9, 1519.48, 1560.41, 1512.82, 1577.29, 1550.52, 1520.3, 1498.54, 1477.62, 1497.4, 1502.06, 1480.92, 1458.57, 1412.7, 1340.53, 1248.0
,ND,0.0, 0.053, 0.106, 0.159, 0.212, 0.265, 0.318, 0.371, 0.424, 0.477, 0.53, 0.583, 0.636, 0.689, 0.742, 0.795, 0.848, 0.901, 0.954, 1.0
lowcls+95,I,1098.0, 1082.51, 1061.67, 1056.7, 1056.91, 1049.2, 1049.33, 1062.77, 1089.48, 1114.08, 1219.7, 1323.35, 1422.47, 1482.29, 1531.18, 1575.48, 1640.41, 1619.81, 1508.37, 1407.0
,ND,0.0, 0.0532, 0.106, 0.16, 0.213, 0.266, 0.319, 0.373, 0.426, 0.479, 0.532, 0.585, 0.639, 0.692, 0.745, 0.798, 0.852, 0.905, 0.958, 1.0
lowcls+19,I,1393.0, 1416.73, 1422.3, 1408.83, 1357.71, 1344.78, 1330.53, 1320.08, 1326.45, 1307.68, 1325.5, 1322.43, 1305.17, 1329.71, 1343.46, 1353.28, 1356.44, 1383.58, 1410.0, 1410.0
,ND,0.0, 0.0545, 0.109, 0.163, 0.218, 0.272, 0.327, 0.381, 0.436, 0.49, 0.545, 0.599, 0.654, 0.708, 0.763, 0.817, 0.872, 0.926, 0.981, 1.0
lowcls+20,I,1325.0, 1363.08, 1374.6, 1375.38, 1377.76, 1401.74, 1419.19, 1406.77, 1430.44, 1405.29, 1420.55, 1427.77, 1433.25, 1409.89, 1410.84, 1418.15, 1410.16, 1409.46, 1423.01, 1474.56, 1475.49, 1474.0
,ND,0.0, 0.0497, 0.0994, 0.149, 0.199, 0.248, 0.298, 0.348, 0.398, 0.447, 0.497, 0.547, 0.596, 0.646, 0.696, 0.745, 0.795, 0.845, 0.894, 0.944, 0.994, 1.0
lowcls+51,I,1942.0, 1950.66, 1835.32, 1664.9, 1575.74, 1544.11, 1531.33, 1515.12, 1505.67, 1490.86, 1468.8, 1455.59, 1445.91, 1441.15, 1447.37, 1467.65, 1474.87, 1515.53, 1578.93, 1672.77, 1766.97, 1812.0
,ND,0.0, 0.0485, 0.097, 0.146, 0.194, 0.243, 0.291, 0.34, 0.388, 0.437, 0.485, 0.534, 0.582, 0.631, 0.679, 0.728, 0.776, 0.825, 0.873, 0.922, 0.97, 1.0
lowcls+84,I,1353.0, 1343.34, 1312.31, 1237.89, 1198.69, 1186.24, 1184.15, 1183.2, 1174.53, 1162.22, 1142.75, 1113.59, 1079.59, 1065.42, 1111.04, 1142.87, 1142.44, 1124.93, 1086.66, 1076.86, 1051.26, 1031.53, 987.98, 956.0
,ND,0.0, 0.0445, 0.089, 0.133, 0.178, 0.222, 0.267, 0.311, 0.356, 0.4, 0.445, 0.489, 0.534, 0.578, 0.623, 0.667, 0.712, 0.756, 0.801, 0.845, 0.89, 0.934, 0.979, 1.0
lowcls+12,I,1842.0, 1862.0, 1753.0, 1616.0, 1539.0, 1475.0, 1450.0, 1405.0, 1377.0, 1380.0, 1372.0, 1411.0, 1397.0, 1425.0, 1430.0, 1430.0, 1394.0, 1385.0, 1373.0, 1367.0, 1375.0, 1388.0, 1449.0, 1577.0, 1614.0, 1614.0
,ND,0.0, 0.0417, 0.0833, 0.125, 0.167, 0.208, 0.25, 0.292, 0.333, 0.375, 0.417, 0.458, 0.5, 0.542, 0.583, 0.625, 0.667, 0.708, 0.75, 0.792, 0.833, 0.875, 0.917, 0.958, 1.0, 1.0
lowcls+89,I,1541.0, 1468.1, 1381.66, 1323.68, 1297.42, 1298.64, 1279.84, 1250.51, 1240.16, 1252.02, 1251.44, 1286.96, 1300.79, 1283.63, 1263.15, 1275.49, 1286.43, 1279.0
,ND,0.0, 0.0614, 0.123, 0.184, 0.246, 0.307, 0.369, 0.43, 0.491, 0.553, 0.614, 0.676, 0.737, 0.799, 0.86, 0.921, 0.983, 1.0
lowcls+65,I,1573.0, 1603.41, 1627.47, 1639.17, 1699.44, 1728.95, 1740.05, 1772.22, 1811.61, 1817.4, 1828.08, 1828.39, 1771.81, 1741.99, 1686.73, 1651.24, 1634.1, 1605.61, 1575.37, 1521.97, 1424.0
,ND,0.0, 0.0504, 0.101, 0.151, 0.202, 0.252, 0.302, 0.353, 0.403, 0.453, 0.504, 0.554, 0.605, 0.655, 0.705, 0.756, 0.806, 0.856, 0.907, 0.957, 1.0
lowcls+85,I,1146.0, 1185.73, 1162.1, 1115.44, 1080.49, 1056.59, 1036.77, 1037.92, 1078.67, 1056.09, 1061.58, 1070.31, 1069.78, 1059.65, 1040.71, 1044.11, 1057.13, 1077.35, 1118.87, 1165.84, 1183.88, 1198.99, 1159.59, 1073.12, 1037.0
,ND,0.0, 0.0429, 0.0857, 0.129, 0.171, 0.214, 0.257, 0.3, 0.343, 0.386, 0.429, 0.472, 0.514, 0.557, 0.6, 0.643, 0.686, 0.729, 0.772, 0.815, 0.857, 0.9, 0.943, 0.986, 1.0
lowcls+27,I,1536.0, 1485.26, 1464.88, 1418.08, 1411.2, 1410.52, 1431.35, 1420.92, 1412.92, 1387.43, 1422.37, 1425.97, 1431.4, 1441.09, 1458.69, 1490.15, 1521.75, 1526.6, 1554.0
,ND,0.0, 0.0559, 0.112, 0.168, 0.224, 0.28, 0.335, 0.391, 0.447, 0.503, 0.559, 0.615, 0.671, 0.727, 0.783, 0.839, 0.894, 0.95, 1.0
lowcls+92,I,1101.0, 1076.85, 1060.67, 1064.91, 1066.41, 1063.92, 1087.16, 1147.6, 1214.79, 1291.3, 1330.15, 1350.46, 1419.73, 1540.85, 1631.64, 1699.65, 1700.08, 1676.0
,ND,0.0, 0.0601, 0.12, 0.18, 0.24, 0.3, 0.361, 0.421, 0.481, 0.541, 0.601, 0.661, 0.721, 0.781, 0.841, 0.901, 0.961, 1.0
lowcls+8,I,1325.0, 1378.38, 1368.76, 1357.81, 1357.3, 1373.13, 1409.79, 1402.52, 1425.6, 1419.33, 1411.11, 1391.02, 1411.04, 1413.39, 1415.18, 1417.7, 1418.09, 1408.51, 1464.52, 1563.08, 1657.76, 1719.56, 1694.93, 1648.0
,ND,0.0, 0.0445, 0.089, 0.133, 0.178, 0.222, 0.267, 0.311, 0.356, 0.4, 0.445, 0.489, 0.534, 0.578, 0.623, 0.667, 0.712, 0.756, 0.801, 0.845, 0.89, 0.934, 0.979, 1.0
lowcls+23,I,1420.0, 1443.02, 1406.11, 1369.84, 1336.97, 1328.51, 1368.31, 1360.35, 1347.06, 1341.06, 1348.26, 1346.01, 1367.26, 1369.08, 1406.12, 1422.85, 1467.28, 1494.85, 1494.03, 1494.0
,ND,0.0, 0.0555, 0.111, 0.166, 0.222, 0.277, 0.333, 0.388, 0.444, 0.499, 0.555, 0.61, 0.666, 0.721, 0.777, 0.832, 0.888, 0.943, 0.998, 1.0
lowcls+56,I,1920.0, 1825.3, 1700.47, 1604.26, 1617.18, 1661.7, 1691.6, 1702.49, 1631.1, 1576.46, 1591.63, 1639.37, 1707.61, 1744.44, 1756.78, 1697.65, 1581.43, 1534.76, 1533.15, 1583.22, 1669.2, 1721.58, 1738.0
,ND,0.0, 0.047, 0.0941, 0.141, 0.188, 0.235, 0.282, 0.329, 0.376, 0.423, 0.47, 0.517, 0.564, 0.611, 0.659, 0.706, 0.753, 0.8, 0.847, 0.894, 0.941, 0.988, 1.0
lowcls+41,I,1281.0, 1415.58, 1528.51, 1619.74, 1675.23, 1644.45, 1619.86, 1596.24, 1586.95, 1642.06, 1681.66, 1691.23, 1747.05, 1832.74, 1861.71, 1820.41, 1752.94, 1708.36, 1683.41, 1701.09, 1731.21, 1769.64, 1749.63, 1694.74, 1612.0
,ND,0.0, 0.0421, 0.0841, 0.126, 0.168, 0.21, 0.252, 0.294, 0.337, 0.379, 0.421, 0.463, 0.505, 0.547, 0.589, 0.631, 0.673, 0.715, 0.757, 0.799, 0.841, 0.883, 0.926, 0.968, 1.0
lowcls+9,I,1447.0, 1468.06, 1455.48, 1446.63, 1441.65, 1433.47, 1425.35, 1422.5, 1421.52, 1424.26, 1408.79, 1399.15, 1405.14, 1411.25, 1408.44, 1391.07, 1367.16, 1385.31, 1396.82, 1383.27, 1383.57, 1406.0, 1416.91, 1400.57, 1383.42, 1368.56, 1385.32, 1414.28, 1449.0
,ND,0.0, 0.0359, 0.0718, 0.108, 0.144, 0.179, 0.215, 0.251, 0.287, 0.323, 0.359, 0.395, 0.431, 0.467, 0.503, 0.538, 0.574, 0.61, 0.646, 0.682, 0.718, 0.754, 0.79, 0.826, 0.862, 0.897, 0.933, 0.969, 1.0
lowcls+60,I,1495.0, 1498.39, 1545.02, 1594.36, 1585.58, 1622.24, 1607.78, 1610.39, 1634.75, 1638.91, 1635.7, 1643.88, 1667.05, 1676.54, 1689.14, 1709.61, 1716.22, 1682.89, 1643.27, 1621.48, 1640.09, 1675.05, 1724.87, 1737.4, 1761.17, 1753.99, 1734.51, 1696.78, 1729.07, 1816.33, 1916.5, 1944.0
,ND,0.0, 0.033, 0.0661, 0.0991, 0.132, 0.165, 0.198, 0.231, 0.264, 0.297, 0.33, 0.363, 0.396, 0.43, 0.463, 0.496, 0.529, 0.562, 0.595, 0.628, 0.661, 0.694, 0.727, 0.76, 0.793, 0.826, 0.859, 0.892, 0.925, 0.958, 0.991, 1.0
lowcls+103,I,976.0, 971.6, 966.5, 933.26, 910.51, 899.06, 883.91, 878.57, 849.59, 831.45, 832.65, 845.6, 861.65, 845.09, 816.0
,ND,0.0, 0.072, 0.144, 0.216, 0.288, 0.36, 0.432, 0.504, 0.576, 0.648, 0.72, 0.792, 0.864, 0.936, 1.0
lowcls+42,I,1573.0, 1684.42, 1719.19, 1705.77, 1650.42, 1603.35, 1536.8, 1506.63, 1498.31, 1505.37, 1552.66, 1608.84, 1699.87, 1768.37, 1783.78, 1693.63, 1588.66, 1542.49, 1522.88, 1581.87, 1601.0
,ND,0.0, 0.0507, 0.101, 0.152, 0.203, 0.254, 0.304, 0.355, 0.406, 0.456, 0.507, 0.558, 0.608, 0.659, 0.71, 0.761, 0.811, 0.862, 0.913, 0.963, 1.0
lowcls+80,I,782.0, 788.85, 799.51, 800.55, 806.64, 817.81, 818.83, 821.27, 830.52, 848.63, 874.13, 887.43, 899.84, 939.64, 1000.41, 1113.55, 1245.17, 1382.13, 1491.53, 1532.81, 1515.04, 1410.16, 1270.35, 1159.0
,ND,0.0, 0.0438, 0.0875, 0.131, 0.175, 0.219, 0.263, 0.306, 0.35, 0.394, 0.438, 0.481, 0.525, 0.569, 0.613, 0.657, 0.7, 0.744, 0.788, 0.832, 0.875, 0.919, 0.963, 1.0
lowcls+70,I,1342.0, 1413.13, 1424.76, 1439.4, 1514.3, 1626.75, 1694.76, 1717.24, 1728.2, 1716.28, 1728.69, 1725.57, 1675.81, 1660.8, 1636.94, 1646.19, 1669.41, 1668.68, 1639.42, 1586.92, 1539.25, 1520.39, 1470.66, 1370.3, 1361.0
,ND,0.0, 0.0433, 0.0866, 0.13, 0.173, 0.217, 0.26, 0.303, 0.347, 0.39, 0.433, 0.476, 0.52, 0.563, 0.606, 0.65, 0.693, 0.736, 0.78, 0.823, 0.866, 0.91, 0.953, 0.996, 1.0
lowcls+81,I,1021.0, 1027.1, 1013.16, 1006.46, 996.43, 1011.02, 1024.13, 1037.8, 1039.63, 1009.18, 989.1, 991.17, 990.19, 998.69, 979.0, 997.26, 988.68, 976.49, 972.28, 978.94, 1032.34, 1112.43, 1125.72, 1028.77, 998.0
,ND,0.0, 0.0429, 0.0857, 0.129, 0.171, 0.214, 0.257, 0.3, 0.343, 0.386, 0.429, 0.472, 0.514, 0.557, 0.6, 0.643, 0.686, 0.729, 0.772, 0.815, 0.857, 0.9, 0.943, 0.986, 1.0
lowcls+78,I,1138.0, 1140.79, 1091.62, 1071.25, 1108.89, 1146.88, 1190.74, 1250.74, 1343.47, 1480.51, 1555.12, 1558.81, 1382.4, 1167.28, 1082.0
,ND,0.0, 0.0745, 0.149, 0.224, 0.298, 0.373, 0.447, 0.522, 0.596, 0.671, 0.745, 0.82, 0.894, 0.969, 1.0
lowcls+54,I,1478.0, 1483.57, 1485.14, 1495.61, 1515.81, 1525.59, 1495.32, 1479.81, 1472.55, 1492.57, 1554.03, 1626.73, 1670.08, 1709.19, 1667.19, 1639.96, 1567.48, 1518.98, 1474.34, 1426.9, 1393.4, 1351.68, 1310.48, 1284.05, 1268.0
,ND,0.0, 0.0421, 0.0841, 0.126, 0.168, 0.21, 0.252, 0.294, 0.337, 0.379, 0.421, 0.463, 0.505, 0.547, 0.589, 0.631, 0.673, 0.715, 0.757, 0.799, 0.841, 0.883, 0.926, 0.968, 1.0
lowcls+105,I,769.0, 899.21, 978.48, 978.3, 929.36, 901.35, 898.75, 922.54, 938.92, 950.99, 946.42, 960.4, 950.36, 947.5, 939.99, 941.72, 949.46, 894.62, 887.0
,ND,0.0, 0.0581, 0.116, 0.174, 0.232, 0.291, 0.349, 0.407, 0.465, 0.523, 0.581, 0.639, 0.697, 0.756, 0.814, 0.872, 0.93, 0.988, 1.0
lowcls+101,I,1274.0, 1305.77, 1343.64, 1408.4, 1411.92, 1432.58, 1487.83, 1489.24, 1466.72, 1451.7, 1474.27, 1499.0, 1567.43, 1604.86, 1633.99, 1661.75, 1676.59, 1615.85, 1493.8, 1480.0
,ND,0.0, 0.0552, 0.11, 0.166, 0.221, 0.276, 0.331, 0.387, 0.442, 0.497, 0.552, 0.607, 0.663, 0.718, 0.773, 0.828, 0.883, 0.939, 0.994, 1.0
lowcls+38,I,1249.0, 1382.04, 1432.07, 1490.68, 1530.07, 1530.09, 1586.56, 1647.67, 1715.18, 1785.13, 1824.74, 1835.93, 1897.69, 1936.11, 1928.84, 1899.03, 1874.82, 1827.22, 1740.77, 1587.48, 1471.0
,ND,0.0, 0.0508, 0.102, 0.152, 0.203, 0.254, 0.305, 0.355, 0.406, 0.457, 0.508, 0.558, 0.609, 0.66, 0.711, 0.762, 0.812, 0.863, 0.914, 0.965, 1.0
lowcls+6,I,1261.0, 1301.76, 1350.77, 1395.66, 1401.32, 1430.49, 1420.99, 1400.03, 1424.16, 1412.65, 1415.03, 1405.16, 1376.15, 1374.9, 1381.57, 1409.35, 1431.06, 1433.81, 1420.31, 1392.96, 1393.66, 1398.06, 1376.74, 1368.54, 1376.14, 1370.73, 1360.91, 1360.85, 1369.04, 1401.13, 1428.23, 1426.0
,ND,0.0, 0.0325, 0.0649, 0.0974, 0.13, 0.162, 0.195, 0.227, 0.26, 0.292, 0.325, 0.357, 0.39, 0.422, 0.454, 0.487, 0.519, 0.552, 0.584, 0.617, 0.649, 0.682, 0.714, 0.747, 0.779, 0.812, 0.844, 0.876, 0.909, 0.941, 0.974, 1.0
lowcls+16,I,1485.0, 1478.95, 1515.03, 1567.14, 1566.43, 1538.81, 1494.92, 1537.59, 1547.66, 1541.58, 1527.37, 1530.44, 1530.01, 1522.44, 1524.29, 1494.46, 1495.87, 1487.52, 1479.75, 1455.47, 1445.82, 1447.42, 1413.37, 1412.9, 1409.14, 1404.77, 1392.0
,ND,0.0, 0.0391, 0.0783, 0.117, 0.157, 0.196, 0.235, 0.274, 0.313, 0.352, 0.391, 0.43, 0.47, 0.509, 0.548, 0.587, 0.626, 0.665, 0.704, 0.744, 0.783, 0.822, 0.861, 0.9, 0.939, 0.978, 1.0
lowcls+74,I,1480.0, 1542.95, 1545.47, 1512.39, 1494.89, 1532.15, 1566.92, 1601.04, 1612.25, 1589.1, 1578.72, 1565.48, 1542.99, 1557.35, 1540.71, 1490.02, 1422.17, 1350.09, 1348.0
,ND,0.0, 0.0587, 0.117, 0.176, 0.235, 0.294, 0.352, 0.411, 0.47, 0.528, 0.587, 0.646, 0.705, 0.763, 0.822, 0.881, 0.94, 0.998, 1.0
lowcls+46,I,1518.0, 1559.73, 1560.47, 1591.6, 1628.59, 1653.43, 1730.93, 1790.12, 1756.68, 1780.81, 1796.92, 1822.94, 1815.65, 1813.13, 1779.22, 1764.66, 1811.7, 1827.45, 1783.67, 1662.27, 1659.0
,ND,0.0, 0.0526, 0.105, 0.158, 0.21, 0.263, 0.315, 0.368, 0.42, 0.473, 0.526, 0.578, 0.631, 0.683, 0.736, 0.788, 0.841, 0.894, 0.946, 0.999, 1.0
lowcls+47,I,1438.0, 1570.24, 1604.43, 1567.32, 1506.78, 1490.56, 1520.01, 1585.2, 1687.45, 1787.53, 1776.86, 1807.66, 1845.84, 1853.25, 1833.61, 1821.54, 1854.62, 1918.32, 1864.98, 1729.11, 1693.0
,ND,0.0, 0.052, 0.104, 0.156, 0.208, 0.26, 0.312, 0.364, 0.416, 0.468, 0.52, 0.572, 0.624, 0.676, 0.728, 0.78, 0.832, 0.884, 0.936, 0.988, 1.0
lowcls+77,I,937.0, 922.39, 893.95, 883.46, 886.97, 904.25, 918.68, 921.58, 929.94, 946.9, 956.7, 984.0, 959.38, 925.0, 916.95, 936.44, 935.67, 946.35, 948.31, 950.07, 951.83, 957.04, 986.34, 1101.68, 1265.41, 1311.38, 1204.8, 1205.0
,ND,0.0, 0.0385, 0.0769, 0.115, 0.154, 0.192, 0.231, 0.269, 0.308, 0.346, 0.385, 0.423, 0.462, 0.5, 0.538, 0.577, 0.615, 0.654, 0.692, 0.731, 0.769, 0.808, 0.846, 0.885, 0.923, 0.962, 1.0, 1.0
lowcls+7,I,1406.0, 1503.55, 1568.59, 1588.62, 1596.09, 1606.43, 1641.8, 1605.82, 1588.9, 1628.82, 1613.76, 1600.11, 1605.97, 1655.17, 1683.07, 1765.77, 1845.0, 1916.56, 1915.22, 1828.95, 1761.0
,ND,0.0, 0.0507, 0.101, 0.152, 0.203, 0.254, 0.304, 0.355, 0.406, 0.456, 0.507, 0.558, 0.608, 0.659, 0.71, 0.761, 0.811, 0.862, 0.913, 0.963, 1.0
lowcls+36,I,1764.0, 1797.19, 1786.32, 1739.16, 1708.55, 1717.08, 1716.93, 1686.26, 1708.59, 1721.07, 1715.89, 1729.78, 1748.12, 1781.32, 1796.88, 1782.65, 1778.19, 1749.99, 1743.64, 1720.62, 1687.31, 1683.73, 1657.3, 1634.55, 1668.39, 1665.23, 1649.58, 1638.7, 1682.87, 1693.05, 1663.0
,ND,0.0, 0.0337, 0.0673, 0.101, 0.135, 0.168, 0.202, 0.236, 0.269, 0.303, 0.337, 0.37, 0.404, 0.438, 0.471, 0.505, 0.539, 0.572, 0.606, 0.64, 0.673, 0.707, 0.741, 0.774, 0.808, 0.842, 0.875, 0.909, 0.943, 0.976, 1.0
lowcls+104,I,784.0, 752.71, 731.6, 737.54, 751.29, 766.5, 773.38, 791.25, 811.05, 824.96, 840.18, 856.63, 901.78, 972.72, 1065.14, 1142.07, 1155.06, 1118.41, 1037.0
,ND,0.0, 0.0559, 0.112, 0.168, 0.224, 0.28, 0.335, 0.391, 0.447, 0.503, 0.559, 0.615, 0.671, 0.727, 0.783, 0.839, 0.894, 0.95, 1.0
lowcls+71,I,1744.0, 1800.91, 1814.62, 1799.21, 1810.78, 1823.04, 1852.12, 1893.81, 1989.13, 2110.19, 2321.68, 2565.1, 2836.83, 2959.42, 2887.51, 2719.0, 2497.4, 2273.53, 2064.79, 1835.91, 1781.0
,ND,0.0, 0.052, 0.104, 0.156, 0.208, 0.26, 0.312, 0.364, 0.416, 0.468, 0.52, 0.572, 0.624, 0.676, 0.728, 0.78, 0.832, 0.884, 0.936, 0.988, 1.0
lowcls+40,I,1678.0, 1844.0, 1950.0, 1800.0, 1640.0, 1618.0, 1604.0, 1587.0, 1586.0, 1603.0, 1587.0, 1642.0, 1723.0, 1805.0, 1863.0, 1903.0, 1844.0, 1737.0, 1676.0, 1622.0, 1661.0, 1621.0, 1612.0, 1549.0, 1553.0, 1553.0
,ND,0.0, 0.0417, 0.0833, 0.125, 0.167, 0.208, 0.25, 0.292, 0.333, 0.375, 0.417, 0.458, 0.5, 0.542, 0.583, 0.625, 0.667, 0.708, 0.75, 0.792, 0.833, 0.875, 0.917, 0.958, 1.0, 1.0
lowcls+43,I,1396.0, 1478.26, 1524.36, 1538.29, 1527.5, 1530.26, 1543.83, 1513.98, 1492.58, 1484.56, 1477.84, 1445.4, 1454.37, 1454.43, 1440.36, 1458.22, 1498.16, 1498.87, 1484.97, 1505.4, 1511.27, 1518.08, 1494.35, 1480.0
,ND,0.0, 0.0447, 0.0894, 0.134, 0.179, 0.224, 0.268, 0.313, 0.358, 0.402, 0.447, 0.492, 0.537, 0.581, 0.626, 0.671, 0.716, 0.76, 0.805, 0.85, 0.894, 0.939, 0.984, 1.0
lowcls+37,I,1913.0, 1863.27, 1804.4, 1794.07, 1777.16, 1763.36, 1758.52, 1782.27, 1769.02, 1807.86, 1775.17, 1796.81, 1794.1, 1769.62, 1746.37, 1735.52, 1714.66, 1701.24, 1686.53, 1728.87, 1728.75, 1766.8, 1818.65, 1869.51, 1893.3, 1874.0
,ND,0.0, 0.0407, 0.0813, 0.122, 0.163, 0.203, 0.244, 0.285, 0.325, 0.366, 0.407, 0.447, 0.488, 0.529, 0.569, 0.61, 0.65, 0.691, 0.732, 0.772, 0.813, 0.854, 0.894, 0.935, 0.976, 1.0
lowcls+4,I,1475.0, 1491.64, 1543.33, 1534.28, 1495.22, 1439.48, 1382.26, 1346.63, 1315.66, 1303.76, 1291.42, 1318.91, 1329.21, 1313.47, 1319.08, 1264.9, 1271.19, 1278.0, 1278.05, 1300.87, 1341.37, 1384.94, 1390.37, 1333.0
,ND,0.0, 0.0439, 0.0877, 0.132, 0.175, 0.219, 0.263, 0.307, 0.351, 0.395, 0.439, 0.482, 0.526, 0.57, 0.614, 0.658, 0.702, 0.745, 0.789, 0.833, 0.877, 0.921, 0.965, 1.0
lowcls+83,I,744.0, 775.34, 804.37, 850.44, 857.36, 850.95, 848.98, 869.76, 894.33, 909.08, 901.94, 911.41, 938.51, 965.9, 979.58, 1004.55, 1053.63, 1116.03, 1173.43, 1235.89, 1327.1, 1421.79, 1506.36, 1534.58, 1530.0
,ND,0.0, 0.0428, 0.0857, 0.129, 0.171, 0.214, 0.257, 0.3, 0.343, 0.386, 0.428, 0.471, 0.514, 0.557, 0.6, 0.643, 0.685, 0.728, 0.771, 0.814, 0.857, 0.9, 0.942, 0.985, 1.0
lowcls+10,I,1787.0, 1828.89, 1817.25, 1817.31, 1774.8, 1668.08, 1616.19, 1577.31, 1538.27, 1509.17, 1502.23, 1486.22, 1475.96, 1454.31, 1448.88, 1445.54, 1427.83, 1433.19, 1454.08, 1440.3, 1433.15, 1467.12, 1530.93, 1639.29, 1744.02, 1735.97, 1724.0
,ND,0.0, 0.0396, 0.0792, 0.119, 0.158, 0.198, 0.238, 0.277, 0.317, 0.357, 0.396, 0.436, 0.475, 0.515, 0.555, 0.594, 0.634, 0.674, 0.713, 0.753, 0.792, 0.832, 0.872, 0.911, 0.951, 0.991, 1.0
lowcls+97,I,1474.0, 1501.2, 1483.92, 1455.97, 1473.28, 1483.82, 1517.68, 1536.36, 1542.04, 1548.11, 1571.85, 1601.81, 1631.04, 1641.22, 1633.2, 1608.32, 1582.0, 1576.2, 1563.48, 1558.79, 1514.17, 1406.38, 1404.0
,ND,0.0, 0.0476, 0.0951, 0.143, 0.19, 0.238, 0.285, 0.333, 0.381, 0.428, 0.476, 0.523, 0.571, 0.618, 0.666, 0.713, 0.761, 0.809, 0.856, 0.904, 0.951, 0.999, 1.0
lowcls+87,I,870.0, 942.0, 993.0, 982.0, 933.0, 916.0, 902.0, 917.0, 898.0, 922.0, 910.0, 910.0, 927.0, 924.0, 933.0, 970.0, 1004.0, 1014.0, 1104.0, 1205.0, 1295.0, 1306.0, 1222.0, 1217.0, 1273.0, 1282.0, 1282.0
,ND,0.0, 0.04, 0.08, 0.12, 0.16, 0.2, 0.24, 0.28, 0.32, 0.36, 0.4, 0.44, 0.48, 0.52, 0.56, 0.6, 0.64, 0.68, 0.72, 0.76, 0.8, 0.84, 0.88, 0.92, 0.96, 1.0, 1.0
lowcls+1,I,1488.0, 1478.4, 1439.65, 1446.53, 1447.81, 1445.92, 1468.72, 1466.83, 1466.73, 1504.93, 1517.55, 1540.96, 1575.71, 1598.23, 1617.83, 1622.41, 1623.95, 1600.63, 1580.9, 1568.67, 1548.87, 1536.46, 1538.11, 1534.55, 1574.0
,ND,0.0, 0.0421, 0.0841, 0.126, 0.168, 0.21, 0.252, 0.294, 0.337, 0.379, 0.421, 0.463, 0.505, 0.547, 0.589, 0.631, 0.673, 0.715, 0.757, 0.799, 0.841, 0.883, 0.926, 0.968, 1.0
lowcls+75,I,1560.0, 1662.74, 1677.18, 1646.79, 1648.99, 1680.91, 1666.77, 1677.5, 1683.31, 1691.37, 1693.73, 1730.28, 1754.58, 1767.09, 1725.53, 1721.89, 1697.74, 1692.54, 1613.28, 1611.0
,ND,0.0, 0.0555, 0.111, 0.166, 0.222, 0.277, 0.333, 0.388, 0.444, 0.499, 0.555, 0.61, 0.666, 0.721, 0.777, 0.832, 0.888, 0.943, 0.998, 1.0
lowcls+72,I,1352.0, 1424.0, 1473.54, 1513.71, 1523.04, 1560.15, 1569.46, 1560.68, 1603.97, 1604.68, 1626.44, 1652.18, 1648.72, 1657.86, 1677.55, 1718.89, 1802.16, 1910.05, 1882.21, 1713.47, 1619.0
,ND,0.0, 0.0515, 0.103, 0.155, 0.206, 0.258, 0.309, 0.361, 0.412, 0.464, 0.515, 0.567, 0.618, 0.67, 0.721, 0.773, 0.824, 0.876, 0.927, 0.979, 1.0
lowcls+15,I,1514.0, 1511.71, 1475.16, 1416.08, 1386.08, 1401.43, 1369.58, 1394.62, 1405.23, 1417.51, 1412.21, 1429.0, 1431.34, 1445.17, 1453.96, 1452.28, 1427.46, 1419.89, 1444.06, 1465.77, 1490.78, 1531.77, 1556.83, 1595.91, 1627.0
,ND,0.0, 0.0425, 0.085, 0.127, 0.17, 0.212, 0.255, 0.297, 0.34, 0.382, 0.425, 0.467, 0.51, 0.552, 0.595, 0.637, 0.68, 0.722, 0.765, 0.807, 0.85, 0.892, 0.935, 0.977, 1.0
lowcls+100,I,1311.0, 1362.19, 1396.65, 1374.35, 1398.66, 1433.21, 1423.61, 1415.92, 1419.69, 1402.26, 1359.83, 1341.41, 1352.9, 1381.5, 1426.4, 1537.96, 1687.8, 1751.8, 1586.41, 1580.0
,ND,0.0, 0.0555, 0.111, 0.166, 0.222, 0.277, 0.333, 0.388, 0.444, 0.499, 0.555, 0.61, 0.666, 0.721, 0.777, 0.832, 0.888, 0.943, 0.998, 1.0
lowcls+48,I,1466.0, 1398.52, 1382.13, 1378.65, 1389.31, 1408.98, 1431.77, 1441.83, 1445.71, 1460.5, 1428.07, 1432.93, 1459.06, 1475.3, 1524.08, 1580.38, 1731.58, 1934.28, 2131.24, 2178.42, 2036.86, 1806.38, 1583.05, 1578.0
,ND,0.0, 0.0454, 0.0908, 0.136, 0.182, 0.227, 0.272, 0.318, 0.363, 0.409, 0.454, 0.499, 0.545, 0.59, 0.636, 0.681, 0.727, 0.772, 0.817, 0.863, 0.908, 0.954, 0.999, 1.0
lowcls+39,I,1394.0, 1529.75, 1598.99, 1620.33, 1627.07, 1662.08, 1693.12, 1751.5, 1814.17, 1903.69, 1928.59, 1964.4, 1999.95, 2029.84, 2040.83, 2045.12, 2066.82, 2128.43, 2033.88, 1884.44, 1675.23, 1485.78, 1394.0
,ND,0.0, 0.0466, 0.0931, 0.14, 0.186, 0.233, 0.279, 0.326, 0.373, 0.419, 0.466, 0.512, 0.559, 0.605, 0.652, 0.699, 0.745, 0.792, 0.838, 0.885, 0.931, 0.978, 1.0
lowcls+86,I,1257.0, 1179.27, 1140.99, 1121.91, 1094.3, 1079.08, 1069.12, 1067.58, 1065.74, 1053.31, 1060.56, 1066.74, 1043.96, 1040.62, 1027.65, 1029.83, 1040.87, 1095.48, 1139.71, 1171.51, 1205.63, 1213.84, 1162.89, 1145.39, 1151.59, 1137.0
,ND,0.0, 0.0405, 0.081, 0.121, 0.162, 0.202, 0.243, 0.283, 0.324, 0.364, 0.405, 0.445, 0.486, 0.526, 0.567, 0.607, 0.648, 0.688, 0.729, 0.769, 0.81, 0.85, 0.891, 0.931, 0.972, 1.0
lowcls+62,I,1412.0, 1472.71, 1540.3, 1551.59, 1526.17, 1523.93, 1508.19, 1530.55, 1548.67, 1560.48, 1587.58, 1636.15, 1687.97, 1664.47, 1693.5, 1728.14, 1724.47, 1698.52, 1697.87, 1672.43, 1668.0
,ND,0.0, 0.0523, 0.105, 0.157, 0.209, 0.262, 0.314, 0.366, 0.419, 0.471, 0.523, 0.576, 0.628, 0.68, 0.733, 0.785, 0.837, 0.89, 0.942, 0.995, 1.0
lowcls+57,I,2181.0, 2016.53, 1793.69, 1595.59, 1524.92, 1453.7, 1415.46, 1399.02, 1388.42, 1398.89, 1402.59, 1406.38, 1400.23, 1396.72, 1392.01, 1369.63, 1371.33, 1397.36, 1406.48, 1416.51, 1424.59, 1421.0
,ND,0.0, 0.0479, 0.0958, 0.144, 0.192, 0.239, 0.287, 0.335, 0.383, 0.431, 0.479, 0.527, 0.575, 0.623, 0.67, 0.718, 0.766, 0.814, 0.862, 0.91, 0.958, 1.0
lowcls+94,I,1200.0, 1240.85, 1286.61, 1254.84, 1233.89, 1242.08, 1243.06, 1222.59, 1211.07, 1224.13, 1216.25, 1235.74, 1280.73, 1304.52, 1330.8, 1383.11, 1484.85, 1610.53, 1673.0
,ND,0.0, 0.0573, 0.115, 0.172, 0.229, 0.286, 0.344, 0.401, 0.458, 0.515, 0.573, 0.63, 0.687, 0.744, 0.802, 0.859, 0.916, 0.973, 1.0
lowcls+11,I,1572.0, 1573.9, 1466.96, 1393.69, 1409.37, 1423.37, 1420.82, 1413.31, 1407.44, 1442.52, 1486.07, 1475.36, 1419.54, 1381.3, 1420.55, 1420.38, 1404.48, 1425.85, 1459.62, 1523.01, 1593.94, 1654.71, 1661.95, 1589.0
,ND,0.0, 0.0438, 0.0875, 0.131, 0.175, 0.219, 0.263, 0.306, 0.35, 0.394, 0.438, 0.481, 0.525, 0.569, 0.613, 0.657, 0.7, 0.744, 0.788, 0.832, 0.875, 0.919, 0.963, 1.0
lowcls+58,I,1722.0, 1574.7, 1479.49, 1407.97, 1367.81, 1380.95, 1365.12, 1371.41, 1417.28, 1468.61, 1490.65, 1457.46, 1454.44, 1494.0, 1531.41, 1583.56, 1672.36, 1727.77, 1701.11, 1681.0
,ND,0.0, 0.0538, 0.108, 0.161, 0.215, 0.269, 0.323, 0.376, 0.43, 0.484, 0.538, 0.591, 0.645, 0.699, 0.753, 0.806, 0.86, 0.914, 0.968, 1.0
lowcls+79,I,932.0, 903.28, 876.33, 862.78, 871.36, 881.51, 878.28, 874.68, 881.32, 897.49, 919.48, 919.43, 904.22, 879.67, 867.99, 870.27, 870.23, 853.83, 866.67, 874.56, 903.33, 914.03, 917.08, 977.8, 1070.48, 1208.64, 1305.01, 1223.93, 1052.13, 1049.0
,ND,0.0, 0.0357, 0.0714, 0.107, 0.143, 0.178, 0.214, 0.25, 0.286, 0.321, 0.357, 0.393, 0.428, 0.464, 0.5, 0.535, 0.571, 0.607, 0.642, 0.678, 0.714, 0.75, 0.785, 0.821, 0.857, 0.892, 0.928, 0.964, 0.999, 1.0
lowcls+26,I,1363.0, 1352.09, 1318.38, 1315.73, 1306.23, 1277.27, 1294.47, 1280.85, 1274.53, 1277.05, 1265.8, 1264.95, 1272.38, 1285.88, 1281.2, 1282.31, 1284.66, 1271.52, 1276.87, 1265.16, 1257.09, 1264.54, 1262.57, 1285.33, 1316.0
,ND,0.0, 0.0419, 0.0838, 0.126, 0.168, 0.21, 0.252, 0.293, 0.335, 0.377, 0.419, 0.461, 0.503, 0.545, 0.587, 0.629, 0.671, 0.713, 0.755, 0.797, 0.838, 0.88, 0.922, 0.964, 1.0
lowcls+25,I,1724.0, 1761.92, 1744.83, 1713.32, 1660.91, 1596.7, 1562.61, 1571.75, 1568.84, 1563.1, 1555.69, 1563.42, 1551.31, 1512.69, 1500.04, 1463.47, 1480.63, 1487.08, 1485.27, 1471.38, 1498.58, 1537.78, 1580.54, 1622.02, 1691.16, 1734.34, 1741.0
,ND,0.0, 0.0397, 0.0794, 0.119, 0.159, 0.199, 0.238, 0.278, 0.318, 0.357, 0.397, 0.437, 0.477, 0.516, 0.556, 0.596, 0.635, 0.675, 0.715, 0.755, 0.794, 0.834, 0.874, 0.913, 0.953, 0.993, 1.0
lowcls+13,I,1477.0, 1572.01, 1541.85, 1534.86, 1496.89, 1456.15, 1458.53, 1463.14, 1437.58, 1440.33, 1425.96, 1417.26, 1426.18, 1450.23, 1447.43, 1430.98, 1424.64, 1428.81, 1466.55, 1501.2, 1479.99, 1426.19, 1396.0
,ND,0.0, 0.0463, 0.0926, 0.139, 0.185, 0.232, 0.278, 0.324, 0.371, 0.417, 0.463, 0.51, 0.556, 0.602, 0.649, 0.695, 0.741, 0.788, 0.834, 0.88, 0.926, 0.973, 1.0
lowcls+29,I,1659.0, 1660.62, 1633.66, 1604.27, 1545.53, 1521.2, 1527.01, 1513.69, 1514.06, 1531.64, 1504.96, 1516.5, 1526.07, 1536.68, 1556.77, 1561.52, 1577.01, 1592.83, 1634.08, 1646.9, 1610.11, 1599.0
,ND,0.0, 0.0494, 0.0989, 0.148, 0.198, 0.247, 0.297, 0.346, 0.396, 0.445, 0.494, 0.544, 0.593, 0.643, 0.692, 0.742, 0.791, 0.841, 0.89, 0.939, 0.989, 1.0
lowcls+64,I,1492.0, 1568.73, 1659.96, 1689.16, 1731.78, 1772.98, 1839.43, 1877.31, 1916.05, 1950.91, 1976.97, 1995.63, 1970.63, 1955.38, 1956.25, 1939.52, 1986.19, 1999.83, 2046.17, 2093.02, 2098.86, 2047.2, 2058.77, 2102.46, 2061.7, 2009.3, 1954.84, 1904.0
,ND,0.0, 0.0376, 0.0753, 0.113, 0.151, 0.188, 0.226, 0.263, 0.301, 0.339, 0.376, 0.414, 0.452, 0.489, 0.527, 0.565, 0.602, 0.64, 0.677, 0.715, 0.753, 0.79, 0.828, 0.866, 0.903, 0.941, 0.979, 1.0
lowcls+69,I,1919.0, 1941.15, 1922.78, 1899.4, 1799.83, 1752.74, 1698.89, 1637.41, 1589.01, 1535.21, 1540.92, 1538.75, 1513.57, 1548.8, 1569.63, 1610.16, 1652.06, 1708.06, 1742.17, 1729.66, 1613.75, 1489.15, 1477.0
,ND,0.0, 0.0474, 0.0948, 0.142, 0.19, 0.237, 0.284, 0.332, 0.379, 0.427, 0.474, 0.521, 0.569, 0.616, 0.664, 0.711, 0.758, 0.806, 0.853, 0.901, 0.948, 0.995, 1.0
lowcls+18,I,1300.0, 1351.66, 1420.01, 1447.85, 1423.78, 1358.16, 1363.39, 1357.61, 1345.3, 1347.7, 1334.11, 1319.65, 1325.91, 1328.82, 1312.44, 1304.76, 1330.79, 1341.42, 1361.41, 1429.2, 1504.63, 1552.13, 1565.0
,ND,0.0, 0.047, 0.0941, 0.141, 0.188, 0.235, 0.282, 0.329, 0.376, 0.423, 0.47, 0.517, 0.564, 0.611, 0.659, 0.706, 0.753, 0.8, 0.847, 0.894, 0.941, 0.988, 1.0
lowcls+98,I,1101.0, 1101.32, 1109.97, 1120.82, 1113.23, 1101.44, 1084.69, 1058.94, 1031.16, 1010.84, 1021.56, 1037.52, 1042.94, 1050.56, 1090.65, 1232.23, 1388.3, 1407.89, 1381.0
,ND,0.0, 0.0572, 0.114, 0.171, 0.229, 0.286, 0.343, 0.4, 0.457, 0.514, 0.572, 0.629, 0.686, 0.743, 0.8, 0.857, 0.915, 0.972, 1.0
lowcls+55,I,1599.0, 1672.75, 1689.13, 1634.06, 1541.27, 1505.66, 1469.01, 1462.47, 1497.35, 1516.59, 1521.35, 1574.64, 1621.33, 1685.14, 1775.1, 1843.72, 1888.15, 1832.28, 1838.15, 1887.55, 1919.79, 1878.21, 1724.19, 1720.0
,ND,0.0, 0.0454, 0.0908, 0.136, 0.182, 0.227, 0.272, 0.318, 0.363, 0.409, 0.454, 0.499, 0.545, 0.59, 0.636, 0.681, 0.727, 0.772, 0.817, 0.863, 0.908, 0.954, 0.999, 1.0
lowcls+59,I,1713.0, 1809.63, 1930.6, 2004.47, 1993.58, 1898.61, 1835.5, 1811.55, 1804.85, 1834.38, 1890.91, 1966.18, 2080.17, 2169.89, 2195.25, 2255.76, 2229.91, 2172.76, 2104.47, 2057.89, 1916.3, 1805.79, 1755.0
,ND,0.0, 0.0456, 0.0912, 0.137, 0.182, 0.228, 0.274, 0.319, 0.365, 0.41, 0.456, 0.502, 0.547, 0.593, 0.638, 0.684, 0.73, 0.775, 0.821, 0.866, 0.912, 0.958, 1.0
lowcls+45,I,1432.0, 1534.73, 1670.59, 1710.78, 1670.82, 1614.43, 1618.96, 1631.92, 1633.21, 1633.72, 1695.55, 1732.78, 1765.65, 1780.85, 1827.75, 1873.33, 1914.15, 1958.14, 1980.21, 2074.45, 2031.05, 1855.81, 1756.0
,ND,0.0, 0.0466, 0.0931, 0.14, 0.186, 0.233, 0.279, 0.326, 0.373, 0.419, 0.466, 0.512, 0.559, 0.605, 0.652, 0.699, 0.745, 0.792, 0.838, 0.885, 0.931, 0.978, 1.0
lowcls+5,I,1431.0, 1438.54, 1425.02, 1452.71, 1478.2, 1475.28, 1472.73, 1484.98, 1475.91, 1462.94, 1462.35, 1434.53, 1425.43, 1414.14, 1383.88, 1390.89, 1384.47, 1373.03, 1382.0, 1367.8, 1370.35, 1379.85, 1380.92, 1399.37, 1412.05, 1395.99, 1402.8, 1439.35, 1443.51, 1445.45, 1451.85, 1439.15, 1432.26, 1441.3, 1480.18, 1514.34, 1528.0
,ND,0.0, 0.0282, 0.0564, 0.0846, 0.113, 0.141, 0.169, 0.197, 0.226, 0.254, 0.282, 0.31, 0.338, 0.367, 0.395, 0.423, 0.451, 0.479, 0.507, 0.536, 0.564, 0.592, 0.62, 0.648, 0.677, 0.705, 0.733, 0.761, 0.789, 0.818, 0.846, 0.874, 0.902, 0.93, 0.959, 0.987, 1.0
lowcls+53,I,1474.0, 1564.46, 1686.04, 1789.75, 1832.86, 1818.14, 1723.5, 1625.92, 1596.27, 1591.0, 1603.32, 1615.03, 1592.95, 1632.18, 1640.82, 1664.72, 1718.2, 1727.08, 1726.47, 1676.66, 1639.3, 1656.37, 1587.73, 1522.0
,ND,0.0, 0.0441, 0.0882, 0.132, 0.176, 0.221, 0.265, 0.309, 0.353, 0.397, 0.441, 0.485, 0.529, 0.573, 0.618, 0.662, 0.706, 0.75, 0.794, 0.838, 0.882, 0.926, 0.97, 1.0
lowcls+14,I,1487.0, 1491.52, 1458.29, 1422.86, 1396.32, 1402.26, 1399.82, 1423.38, 1400.66, 1371.89, 1379.85, 1354.29, 1353.82, 1380.46, 1375.82, 1375.03, 1368.11, 1406.58, 1457.77, 1547.77, 1665.47, 1768.23, 1783.37, 1721.81, 1721.0
,ND,0.0, 0.0434, 0.0869, 0.13, 0.174, 0.217, 0.261, 0.304, 0.347, 0.391, 0.434, 0.478, 0.521, 0.565, 0.608, 0.652, 0.695, 0.738, 0.782, 0.825, 0.869, 0.912, 0.956, 0.999, 1.0
lowcls+17,I,1339.0, 1451.08, 1523.9, 1512.31, 1437.32, 1408.91, 1421.39, 1430.64, 1453.28, 1434.83, 1411.77, 1411.27, 1423.11, 1377.58, 1365.44, 1373.31, 1378.09, 1451.22, 1542.62, 1632.73, 1648.0
,ND,0.0, 0.0504, 0.101, 0.151, 0.202, 0.252, 0.302, 0.353, 0.403, 0.453, 0.504, 0.554, 0.605, 0.655, 0.705, 0.756, 0.806, 0.856, 0.907, 0.957, 1.0
lowcls+35,I,2451.0, 2475.06, 2463.9, 2374.85, 2340.63, 2309.72, 2345.19, 2351.14, 2351.67, 2389.13, 2358.25, 2372.54, 2390.66, 2410.71, 2393.1, 2368.87, 2380.03, 2388.92, 2361.73, 2338.86, 2312.63, 2276.28, 2283.52, 2422.75, 2516.28, 2519.94, 2520.0
,ND,0.0, 0.04, 0.0799, 0.12, 0.16, 0.2, 0.24, 0.28, 0.32, 0.36, 0.4, 0.44, 0.48, 0.52, 0.56, 0.6, 0.639, 0.679, 0.719, 0.759, 0.799, 0.839, 0.879, 0.919, 0.959, 0.999, 1.0
lowcls+88,I,840.0, 852.54, 889.13, 908.88, 923.35, 960.98, 1028.06, 1106.79, 1197.88, 1279.66, 1341.3, 1317.62, 1285.26, 1255.09, 1220.12, 1182.55, 1045.72, 990.0
,ND,0.0, 0.061, 0.122, 0.183, 0.244, 0.305, 0.366, 0.427, 0.488, 0.549, 0.61, 0.671, 0.732, 0.793, 0.854, 0.915, 0.976, 1.0
lowcls+21,I,1584.0, 1611.5, 1574.59, 1552.3, 1515.37, 1502.43, 1462.77, 1454.12, 1455.04, 1467.33, 1454.71, 1454.58, 1438.23, 1456.92, 1455.17, 1439.73, 1399.37, 1414.64, 1446.23, 1457.29, 1491.4, 1570.35, 1677.64, 1702.0
,ND,0.0, 0.045, 0.0901, 0.135, 0.18, 0.225, 0.27, 0.315, 0.36, 0.405, 0.45, 0.495, 0.54, 0.585, 0.631, 0.676, 0.721, 0.766, 0.811, 0.856, 0.901, 0.946, 0.991, 1.0
lowcls+76,I,1067.0, 1001.59, 969.46, 958.97, 938.47, 941.94, 992.91, 1005.87, 1007.57, 1025.93, 1042.02, 1083.09, 1076.04, 1063.8, 1037.28, 1017.69, 1018.87, 1014.65, 1007.61, 1022.25, 1092.64, 1162.08, 1135.63, 1003.76, 906.0
,ND,0.0, 0.0425, 0.085, 0.127, 0.17, 0.212, 0.255, 0.297, 0.34, 0.382, 0.425, 0.467, 0.51, 0.552, 0.595, 0.637, 0.68, 0.722, 0.765, 0.807, 0.85, 0.892, 0.935, 0.977, 1.0
lowcls+22,I,1406.0, 1402.58, 1385.68, 1385.77, 1380.48, 1366.19, 1368.96, 1373.7, 1379.91, 1402.88, 1417.55, 1415.52, 1406.71, 1408.87, 1476.09, 1522.67, 1533.77, 1551.16, 1524.83, 1483.94, 1463.27, 1437.03, 1435.42, 1431.88, 1427.52, 1420.48, 1429.59, 1427.86, 1475.29, 1548.68, 1602.13, 1615.14, 1600.65, 1591.0
,ND,0.0, 0.0309, 0.0619, 0.0928, 0.124, 0.155, 0.186, 0.217, 0.248, 0.279, 0.309, 0.34, 0.371, 0.402, 0.433, 0.464, 0.495, 0.526, 0.557, 0.588, 0.619, 0.65, 0.681, 0.712, 0.743, 0.774, 0.805, 0.836, 0.867, 0.898, 0.928, 0.959, 0.99, 1.0
lowcls+3,I,1547.0, 1517.98, 1496.67, 1489.8, 1481.03, 1451.81, 1407.73, 1391.46, 1395.12, 1388.16, 1396.3, 1380.25, 1368.82, 1364.26, 1367.34, 1350.77, 1368.02, 1376.32, 1381.48, 1384.33, 1408.72, 1443.68, 1425.33, 1429.69, 1434.4, 1439.8, 1505.52, 1590.32, 1645.63, 1740.21, 1749.9, 1734.0
,ND,0.0, 0.0328, 0.0655, 0.0983, 0.131, 0.164, 0.197, 0.229, 0.262, 0.295, 0.328, 0.36, 0.393, 0.426, 0.459, 0.491, 0.524, 0.557, 0.59, 0.622, 0.655, 0.688, 0.721, 0.753, 0.786, 0.819, 0.852, 0.884, 0.917, 0.95, 0.983, 1.0
lowcls+2,I,1216.0, 1241.36, 1229.59, 1213.95, 1221.35, 1228.49, 1230.19, 1225.91, 1235.76, 1257.62, 1248.3, 1214.32, 1202.42, 1212.54, 1241.76, 1244.32, 1205.92, 1222.14, 1215.32, 1215.71, 1225.94, 1219.34, 1212.0
,ND,0.0, 0.0464, 0.0928, 0.139, 0.186, 0.232, 0.279, 0.325, 0.371, 0.418, 0.464, 0.511, 0.557, 0.604, 0.65, 0.696, 0.743, 0.789, 0.836, 0.882, 0.928, 0.975, 1.0
lowcls+66,I,2150.0, 2191.82, 2251.38, 2290.7, 2303.26, 2361.19, 2515.81, 2585.51, 2527.49, 2477.14, 2411.87, 2337.17, 2279.78, 2326.24, 2369.99, 2361.98, 2288.39, 2191.23, 2135.69, 2130.83, 2145.13, 2184.8, 2283.15, 2385.92, 2351.06, 2265.28, 2175.24, 2108.12, 2132.26, 2134.0
,ND,0.0, 0.0357, 0.0714, 0.107, 0.143, 0.178, 0.214, 0.25, 0.286, 0.321, 0.357, 0.393, 0.428, 0.464, 0.5, 0.535, 0.571, 0.607, 0.642, 0.678, 0.714, 0.75, 0.785, 0.821, 0.857, 0.892, 0.928, 0.964, 0.999, 1.0
lowcls+67,I,1858.0, 1955.42, 1981.96, 2004.91, 2021.3, 2045.18, 2113.64, 2146.49, 2206.65, 2235.19, 2219.99, 2132.82, 2082.98, 2075.17, 2053.34, 2087.94, 2010.11, 1963.0
,ND,0.0, 0.061, 0.122, 0.183, 0.244, 0.305, 0.366, 0.427, 0.488, 0.549, 0.61, 0.671, 0.732, 0.793, 0.854, 0.915, 0.976, 1.0
lowcls+63,I,1489.0, 1568.44, 1562.57, 1569.48, 1573.85, 1549.16, 1533.28, 1534.36, 1542.02, 1560.67, 1564.82, 1594.7, 1637.65, 1657.36, 1675.2, 1699.63, 1722.22, 1692.62, 1676.45, 1655.04, 1623.12, 1575.12, 1598.33, 1609.0
,ND,0.0, 0.045, 0.0901, 0.135, 0.18, 0.225, 0.27, 0.315, 0.36, 0.405, 0.45, 0.495, 0.54, 0.585, 0.631, 0.676, 0.721, 0.766, 0.811, 0.856, 0.901, 0.946, 0.991, 1.0
lowcls+82,I,1025.0, 1051.0, 1062.0, 1064.0, 1124.0, 1186.0, 1218.0, 1250.0, 1284.0, 1255.0, 1223.0, 1127.0, 1092.0, 1057.0, 1033.0, 1002.0, 1015.0, 1004.0, 907.0, 907.0
,ND,0.0, 0.0556, 0.111, 0.167, 0.222, 0.278, 0.333, 0.389, 0.444, 0.5, 0.556, 0.611, 0.667, 0.722, 0.778, 0.833, 0.889, 0.944, 1.0, 1.0
lowcls+99,I,1169.0, 1127.72, 1123.04, 1149.03, 1173.75, 1196.34, 1197.81, 1137.35, 1081.55, 1086.03, 1104.94, 1134.47, 1157.85, 1219.17, 1275.38, 1360.89, 1493.25, 1660.98, 1756.49, 1667.8, 1514.0
,ND,0.0, 0.0504, 0.101, 0.151, 0.202, 0.252, 0.302, 0.353, 0.403, 0.453, 0.504, 0.554, 0.605, 0.655, 0.705, 0.756, 0.806, 0.856, 0.907, 0.957, 1.0
lowcls+50,I,1750.0, 1806.78, 1850.64, 1858.66, 1921.14, 2036.43, 2115.39, 2217.24, 2293.41, 2251.58, 2149.85, 2086.96, 2125.31, 2179.63, 2134.95, 2011.98, 1937.0
,ND,0.0, 0.0644, 0.129, 0.193, 0.258, 0.322, 0.386, 0.451, 0.515, 0.58, 0.644, 0.709, 0.773, 0.837, 0.902, 0.966, 1.0
lowcls+34,I,1987.0, 1988.01, 2036.39, 2076.98, 2103.54, 2072.61, 2067.17, 2091.28, 2112.7, 2133.8, 2164.93, 2194.31, 2225.14, 2260.51, 2325.89, 2435.86, 2507.13, 2455.48, 2313.48, 2309.0
,ND,0.0, 0.0555, 0.111, 0.166, 0.222, 0.277, 0.333, 0.388, 0.444, 0.499, 0.555, 0.61, 0.666, 0.721, 0.777, 0.832, 0.888, 0.943, 0.998, 1.0
lowcls+61,I,1569.0, 1659.72, 1733.87, 1827.96, 1891.98, 1932.84, 1950.98, 1994.55, 2029.07, 2024.55, 2035.04, 2042.87, 2024.63, 2014.07, 2016.91, 2037.28, 2084.4, 2128.75, 2147.86, 2123.15, 1996.74, 1905.98, 1869.0
,ND,0.0, 0.0467, 0.0935, 0.14, 0.187, 0.234, 0.28, 0.327, 0.374, 0.421, 0.467, 0.514, 0.561, 0.607, 0.654, 0.701, 0.748, 0.794, 0.841, 0.888, 0.935, 0.981, 1.0
lowcls+31,I,2677.0, 2619.82, 2510.48, 2476.67, 2512.98, 2521.33, 2507.08, 2520.07, 2522.54, 2521.99, 2558.87, 2570.45, 2574.43, 2532.83, 2550.95, 2551.51, 2539.16, 2533.96, 2537.31, 2593.44, 2639.96, 2736.56, 2818.91, 2862.99, 2786.55, 2681.85, 2624.82, 2603.17, 2602.0
,ND,0.0, 0.0369, 0.0739, 0.111, 0.148, 0.185, 0.222, 0.259, 0.295, 0.332, 0.369, 0.406, 0.443, 0.48, 0.517, 0.554, 0.591, 0.628, 0.665, 0.702, 0.739, 0.776, 0.813, 0.85, 0.886, 0.923, 0.96, 0.997, 1.0
lowcls+90,I,1305.0, 1290.61, 1297.94, 1375.05, 1412.28, 1383.4, 1346.04, 1305.24, 1308.43, 1322.35, 1355.11, 1348.64, 1343.51, 1351.95, 1370.24, 1389.57, 1387.66, 1373.56, 1381.26, 1423.09, 1519.13, 1564.59, 1565.0
,ND,0.0, 0.0476, 0.0951, 0.143, 0.19, 0.238, 0.285, 0.333, 0.381, 0.428, 0.476, 0.523, 0.571, 0.618, 0.666, 0.713, 0.761, 0.809, 0.856, 0.904, 0.951, 0.999, 1.0
lowcls+33,I,2581.0, 2603.18, 2556.28, 2578.92, 2588.71, 2620.57, 2583.14, 2545.85, 2552.81, 2566.42, 2578.03, 2567.07, 2522.56, 2514.8, 2543.75, 2579.7, 2594.48, 2581.45, 2571.66, 2649.13, 2775.38, 2810.77, 2798.0
,ND,0.0, 0.0463, 0.0926, 0.139, 0.185, 0.232, 0.278, 0.324, 0.371, 0.417, 0.463, 0.51, 0.556, 0.602, 0.649, 0.695, 0.741, 0.788, 0.834, 0.88, 0.926, 0.973, 1.0
lowcls+93,I,1310.0, 1375.24, 1404.78, 1390.59, 1356.12, 1367.65, 1372.21, 1389.76, 1396.28, 1428.23, 1473.26, 1570.88, 1716.87, 1850.86, 1890.98, 1822.71, 1769.0
,ND,0.0, 0.0644, 0.129, 0.193, 0.258, 0.322, 0.386, 0.451, 0.515, 0.58, 0.644, 0.709, 0.773, 0.837, 0.902, 0.966, 1.0
lowcls+30,I,2383.0, 2491.6, 2510.12, 2482.31, 2462.74, 2470.84, 2460.87, 2488.42, 2514.41, 2520.39, 2497.53, 2504.76, 2514.92, 2515.75, 2538.27, 2575.13, 2622.93, 2697.86, 2825.33, 2819.94, 2706.67, 2542.0
,ND,0.0, 0.0479, 0.0958, 0.144, 0.192, 0.239, 0.287, 0.335, 0.383, 0.431, 0.479, 0.527, 0.575, 0.623, 0.67, 0.718, 0.766, 0.814, 0.862, 0.91, 0.958, 1.0
lowcls+73,I,1618.0, 1665.52, 1644.24, 1654.91, 1690.39, 1703.65, 1718.82, 1717.39, 1723.84, 1738.56, 1760.69, 1749.71, 1701.44, 1694.01, 1650.47, 1614.19, 1609.82, 1642.65, 1653.15, 1665.29, 1676.47, 1657.14, 1595.59, 1579.85, 1587.43, 1640.68, 1644.0
,ND,0.0, 0.0399, 0.0797, 0.12, 0.159, 0.199, 0.239, 0.279, 0.319, 0.359, 0.399, 0.439, 0.478, 0.518, 0.558, 0.598, 0.638, 0.678, 0.718, 0.758, 0.797, 0.837, 0.877, 0.917, 0.957, 0.997, 1.0
