hcls-37,I,1304.0, 1290.71, 1280.61, 1256.6, 1248.74, 1222.92, 1270.54, 1270.16, 1281.63, 1286.01, 1283.95, 1277.44, 1295.11, 1293.16, 1265.18, 1239.0
,ND,0.0, 0.0693, 0.139, 0.208, 0.277, 0.347, 0.416, 0.485, 0.555, 0.624, 0.693, 0.763, 0.832, 0.901, 0.971, 1.0
hcls-14,I,1383.0, 1424.54, 1425.48, 1410.49, 1383.57, 1355.69, 1340.3, 1314.77, 1298.65, 1286.9, 1308.95, 1285.47, 1281.16, 1282.24, 1315.99, 1333.64, 1344.7, 1359.01, 1366.93, 1404.32, 1410.0
,ND,0.0, 0.0508, 0.102, 0.152, 0.203, 0.254, 0.305, 0.355, 0.406, 0.457, 0.508, 0.558, 0.609, 0.66, 0.711, 0.762, 0.812, 0.863, 0.914, 0.965, 1.0
hcls-83,I,1980.0, 1971.7, 1934.89, 1903.9, 1912.97, 1871.6, 1858.88, 1843.3, 1856.14, 1862.7, 1882.44, 1879.16, 1889.2, 1937.0, 1986.79, 2019.6, 2045.0
,ND,0.0, 0.0632, 0.126, 0.19, 0.253, 0.316, 0.379, 0.443, 0.506, 0.569, 0.632, 0.696, 0.759, 0.822, 0.885, 0.949, 1.0
hcls-24,I,1442.0, 1522.39, 1526.13, 1493.08, 1438.77, 1417.04, 1414.84, 1443.38, 1442.23, 1437.69, 1413.39, 1420.16, 1415.63, 1437.74, 1469.72, 1532.23, 1499.88, 1467.13, 1453.0
,ND,0.0, 0.0572, 0.114, 0.171, 0.229, 0.286, 0.343, 0.4, 0.457, 0.514, 0.572, 0.629, 0.686, 0.743, 0.8, 0.857, 0.915, 0.972, 1.0
hcls-45,I,2483.0, 2596.42, 2613.57, 2581.03, 2537.87, 2514.52, 2518.8, 2555.3, 2570.2, 2538.06, 2575.04, 2598.11, 2656.01, 2705.71, 2714.34, 2701.33, 2673.39, 2667.92, 2623.5, 2589.46, 2525.09, 2475.71, 2457.21, 2427.09, 2430.33, 2413.66, 2413.05, 2397.2, 2395.0
,ND,0.0, 0.0361, 0.0721, 0.108, 0.144, 0.18, 0.216, 0.252, 0.288, 0.325, 0.361, 0.397, 0.433, 0.469, 0.505, 0.541, 0.577, 0.613, 0.649, 0.685, 0.721, 0.757, 0.793, 0.829, 0.865, 0.902, 0.938, 0.974, 1.0
hcls-100,I,1692.0, 1633.31, 1553.33, 1532.11, 1494.2, 1454.4, 1456.72, 1482.12, 1478.38, 1496.78, 1506.77, 1483.56, 1505.47, 1511.82, 1499.53, 1493.13, 1498.62, 1574.28, 1614.16, 1672.55, 1745.8, 1822.93, 1857.26, 1821.41, 1818.0
,ND,0.0, 0.0433, 0.0866, 0.13, 0.173, 0.217, 0.26, 0.303, 0.347, 0.39, 0.433, 0.476, 0.52, 0.563, 0.606, 0.65, 0.693, 0.736, 0.78, 0.823, 0.866, 0.91, 0.953, 0.996, 1.0
hcls-85,I,2009.0, 2081.0, 2106.0, 2061.0, 2063.0, 2003.0, 1978.0, 1937.0, 1901.0, 1875.0, 1857.0, 1848.0, 1861.0, 1894.0, 1891.0, 1852.0, 1872.0, 1906.0, 1906.0
,ND,0.0, 0.0588, 0.118, 0.176, 0.235, 0.294, 0.353, 0.412, 0.471, 0.529, 0.588, 0.647, 0.706, 0.765, 0.824, 0.882, 0.941, 1.0, 1.0
hcls-92,I,1826.0, 1909.96, 2026.29, 2101.18, 2084.98, 2007.42, 1936.65, 1948.28, 1947.51, 1951.83, 1963.4, 1932.56, 1913.79, 1901.09, 1909.57, 1926.69, 1935.47, 1921.5, 1951.37, 1901.65, 1967.21, 1976.58, 1978.0
,ND,0.0, 0.0472, 0.0944, 0.142, 0.189, 0.236, 0.283, 0.33, 0.378, 0.425, 0.472, 0.519, 0.566, 0.614, 0.661, 0.708, 0.755, 0.802, 0.849, 0.897, 0.944, 0.991, 1.0
hcls-20,I,1440.0, 1434.76, 1431.26, 1422.26, 1421.67, 1414.93, 1422.69, 1417.29, 1404.65, 1400.01, 1406.33, 1411.52, 1403.9, 1386.22, 1369.15, 1388.91, 1396.72, 1378.62, 1384.71, 1413.22, 1410.6, 1398.66, 1383.38, 1376.05, 1375.0
,ND,0.0, 0.0427, 0.0854, 0.128, 0.171, 0.214, 0.256, 0.299, 0.342, 0.384, 0.427, 0.47, 0.513, 0.555, 0.598, 0.641, 0.683, 0.726, 0.769, 0.812, 0.854, 0.897, 0.94, 0.983, 1.0
hcls-44,I,2222.0, 2391.79, 2515.25, 2525.66, 2514.88, 2401.88, 2370.84, 2386.0, 2340.88, 2350.39, 2293.65, 2247.53, 2232.68, 2269.4, 2292.51, 2360.44, 2362.23, 2356.0
,ND,0.0, 0.0614, 0.123, 0.184, 0.246, 0.307, 0.369, 0.43, 0.491, 0.553, 0.614, 0.676, 0.737, 0.799, 0.86, 0.921, 0.983, 1.0
hcls-54,I,2408.0, 2408.67, 2367.34, 2357.45, 2344.15, 2343.89, 2358.94, 2371.47, 2398.78, 2394.9, 2402.19, 2377.29, 2348.46, 2343.24, 2307.78, 2263.24, 2255.14, 2291.8, 2272.38, 2244.69, 2222.25, 2304.18, 2382.0
,ND,0.0, 0.0455, 0.0911, 0.137, 0.182, 0.228, 0.273, 0.319, 0.364, 0.41, 0.455, 0.501, 0.547, 0.592, 0.638, 0.683, 0.729, 0.774, 0.82, 0.865, 0.911, 0.957, 1.0
hcls-3,I,1645.0, 1590.55, 1543.45, 1534.35, 1528.79, 1513.37, 1495.51, 1479.52, 1473.31, 1468.9, 1460.67, 1457.83, 1438.36, 1420.21, 1411.81, 1423.71, 1448.17, 1477.85, 1476.74, 1481.0
,ND,0.0, 0.0538, 0.108, 0.161, 0.215, 0.269, 0.323, 0.376, 0.43, 0.484, 0.538, 0.591, 0.645, 0.699, 0.753, 0.806, 0.86, 0.914, 0.968, 1.0
hcls-4,I,1346.0, 1390.92, 1395.9, 1425.2, 1416.61, 1402.73, 1421.91, 1417.75, 1408.79, 1391.07, 1378.33, 1374.68, 1388.76, 1435.19, 1471.21, 1452.16, 1433.68, 1411.32, 1414.77, 1403.42, 1393.9, 1388.8, 1358.81, 1378.91, 1377.83, 1356.32, 1348.0
,ND,0.0, 0.0395, 0.0791, 0.119, 0.158, 0.198, 0.237, 0.277, 0.316, 0.356, 0.395, 0.435, 0.474, 0.514, 0.553, 0.593, 0.632, 0.672, 0.712, 0.751, 0.791, 0.83, 0.87, 0.909, 0.949, 0.988, 1.0
hcls-36,I,1853.0, 1784.83, 1677.1, 1613.97, 1567.35, 1528.71, 1491.64, 1487.03, 1481.82, 1471.8, 1465.33, 1451.55, 1443.36, 1421.72, 1430.2, 1446.8, 1438.38, 1429.93, 1455.85, 1492.0
,ND,0.0, 0.053, 0.106, 0.159, 0.212, 0.265, 0.318, 0.371, 0.424, 0.477, 0.53, 0.583, 0.636, 0.689, 0.742, 0.795, 0.848, 0.901, 0.954, 1.0
hcls-78,I,1691.0, 1751.97, 1797.56, 1815.24, 1838.36, 1833.1, 1834.32, 1788.25, 1791.03, 1805.29, 1764.05, 1757.81, 1754.83, 1730.23, 1726.34, 1706.57, 1711.17, 1717.75, 1725.86, 1763.14, 1803.46, 1817.0
,ND,0.0, 0.0486, 0.0971, 0.146, 0.194, 0.243, 0.291, 0.34, 0.389, 0.437, 0.486, 0.534, 0.583, 0.631, 0.68, 0.728, 0.777, 0.826, 0.874, 0.923, 0.971, 1.0
hcls-40,I,1438.0, 1407.79, 1370.3, 1361.82, 1391.21, 1385.79, 1407.18, 1436.05, 1469.05, 1501.48, 1505.28, 1520.32, 1525.92, 1539.93, 1562.0
,ND,0.0, 0.0735, 0.147, 0.221, 0.294, 0.368, 0.441, 0.515, 0.588, 0.662, 0.735, 0.809, 0.882, 0.956, 1.0
hcls-53,I,2546.0, 2482.3, 2447.78, 2437.83, 2440.02, 2438.87, 2431.89, 2448.06, 2493.8, 2503.02, 2473.17, 2469.3, 2467.0, 2454.4, 2451.27, 2392.1, 2392.56, 2408.91, 2432.8, 2455.26, 2469.17, 2482.63, 2499.01, 2562.24, 2649.78, 2666.0
,ND,0.0, 0.0413, 0.0827, 0.124, 0.165, 0.207, 0.248, 0.289, 0.331, 0.372, 0.413, 0.455, 0.496, 0.537, 0.579, 0.62, 0.662, 0.703, 0.744, 0.786, 0.827, 0.868, 0.91, 0.951, 0.992, 1.0
hcls-47,I,2299.0, 2455.36, 2503.15, 2477.39, 2447.27, 2468.06, 2484.64, 2504.49, 2482.89, 2497.62, 2494.03, 2506.2, 2525.85, 2533.24, 2564.79, 2603.56, 2635.44, 2753.09, 2910.44, 2951.93, 2826.56, 2656.0
,ND,0.0, 0.0479, 0.0958, 0.144, 0.192, 0.239, 0.287, 0.335, 0.383, 0.431, 0.479, 0.527, 0.575, 0.623, 0.67, 0.718, 0.766, 0.814, 0.862, 0.91, 0.958, 1.0
hcls-94,I,1739.0, 1860.73, 1965.32, 2002.65, 1991.38, 1955.81, 1941.33, 1930.49, 1950.19, 1924.96, 1941.02, 1956.63, 1965.41, 1947.76, 1934.56, 1931.65, 1945.79, 1951.58, 1963.09, 1963.47, 1973.33, 2006.15, 2013.31, 2097.66, 2204.73, 2207.0
,ND,0.0, 0.0416, 0.0833, 0.125, 0.167, 0.208, 0.25, 0.291, 0.333, 0.375, 0.416, 0.458, 0.5, 0.541, 0.583, 0.624, 0.666, 0.708, 0.749, 0.791, 0.833, 0.874, 0.916, 0.958, 0.999, 1.0
hcls-52,I,2520.0, 2437.05, 2370.18, 2371.67, 2397.0, 2417.53, 2425.11, 2392.83, 2360.45, 2359.68, 2385.33, 2433.86, 2461.59, 2483.19, 2510.59, 2560.93, 2554.37, 2470.84, 2432.51, 2415.0
,ND,0.0, 0.0538, 0.108, 0.161, 0.215, 0.269, 0.323, 0.376, 0.43, 0.484, 0.538, 0.591, 0.645, 0.699, 0.753, 0.806, 0.86, 0.914, 0.968, 1.0
hcls-49,I,2561.0, 2651.22, 2606.06, 2621.26, 2584.78, 2554.12, 2574.94, 2549.26, 2524.14, 2502.72, 2512.82, 2535.41, 2528.93, 2555.42, 2550.53, 2507.92, 2497.39, 2489.47, 2524.36, 2585.5, 2613.0
,ND,0.0, 0.0515, 0.103, 0.155, 0.206, 0.258, 0.309, 0.361, 0.412, 0.464, 0.515, 0.567, 0.618, 0.67, 0.721, 0.773, 0.824, 0.876, 0.927, 0.979, 1.0
hcls-77,I,2199.0, 2188.39, 2097.38, 2035.27, 2029.4, 2050.89, 2037.5, 2002.27, 2003.7, 2022.88, 2021.36, 2057.93, 2065.23, 2066.56, 2022.05, 2032.71, 2016.43, 1998.2, 1984.8, 1960.07, 1933.89, 1936.63, 1951.32, 1977.77, 1999.71, 2022.49, 2042.2, 2089.51, 2107.0
,ND,0.0, 0.0366, 0.0732, 0.11, 0.146, 0.183, 0.22, 0.256, 0.293, 0.33, 0.366, 0.403, 0.439, 0.476, 0.513, 0.549, 0.586, 0.622, 0.659, 0.696, 0.732, 0.769, 0.805, 0.842, 0.879, 0.915, 0.952, 0.989, 1.0
hcls-63,I,1697.0, 1774.74, 1788.83, 1776.88, 1763.11, 1776.64, 1788.3, 1812.72, 1806.9, 1778.67, 1784.59, 1801.34, 1797.77, 1801.19, 1811.15, 1780.86, 1794.09, 1825.05, 1890.51, 1924.73, 2039.53, 2053.0
,ND,0.0, 0.0498, 0.0995, 0.149, 0.199, 0.249, 0.299, 0.348, 0.398, 0.448, 0.498, 0.547, 0.597, 0.647, 0.697, 0.746, 0.796, 0.846, 0.896, 0.945, 0.995, 1.0
hcls-99,I,1416.0, 1514.61, 1610.68, 1655.35, 1667.5, 1606.28, 1543.93, 1500.65, 1444.69, 1428.97, 1416.81, 1431.59, 1444.2, 1464.63, 1479.94, 1506.38, 1566.65, 1652.23, 1774.04, 1933.92, 2022.0
,ND,0.0, 0.0509, 0.102, 0.153, 0.204, 0.254, 0.305, 0.356, 0.407, 0.458, 0.509, 0.56, 0.611, 0.662, 0.713, 0.763, 0.814, 0.865, 0.916, 0.967, 1.0
hcls-72,I,1744.0, 1832.0, 1904.0, 1983.0, 1968.0, 1925.0, 1909.0, 1875.0, 1901.0, 1851.0, 1834.0, 1809.0, 1781.0, 1795.0, 1791.0, 1837.0, 1783.0, 1801.0, 1823.0, 1823.0, 1835.0, 1834.0, 1881.0, 1842.0, 1842.0
,ND,0.0, 0.0435, 0.087, 0.13, 0.174, 0.217, 0.261, 0.304, 0.348, 0.391, 0.435, 0.478, 0.522, 0.565, 0.609, 0.652, 0.696, 0.739, 0.783, 0.826, 0.87, 0.913, 0.957, 1.0, 1.0
hcls-18,I,1603.0, 1600.18, 1556.63, 1511.3, 1514.79, 1501.75, 1502.07, 1513.43, 1519.43, 1519.03, 1520.51, 1504.34, 1494.88, 1509.79, 1517.73, 1503.96, 1472.71, 1486.42, 1519.97, 1539.48, 1531.0
,ND,0.0, 0.0508, 0.102, 0.152, 0.203, 0.254, 0.305, 0.355, 0.406, 0.457, 0.508, 0.558, 0.609, 0.66, 0.711, 0.762, 0.812, 0.863, 0.914, 0.965, 1.0
hcls-97,I,2030.0, 2011.63, 1997.91, 1966.83, 1952.94, 1955.31, 1923.85, 1913.23, 1921.51, 1900.26, 1856.14, 1890.83, 1878.29, 1863.63, 1869.78, 1868.36, 1846.28, 1858.75, 1883.95, 1914.02, 1955.29, 1988.0
,ND,0.0, 0.0485, 0.097, 0.146, 0.194, 0.243, 0.291, 0.34, 0.388, 0.437, 0.485, 0.534, 0.582, 0.631, 0.679, 0.728, 0.776, 0.825, 0.873, 0.922, 0.97, 1.0
hcls-29,I,1578.0, 1509.03, 1460.67, 1393.46, 1352.94, 1320.58, 1292.61, 1283.88, 1315.31, 1331.43, 1315.88, 1327.36, 1290.58, 1279.77, 1288.06, 1273.01, 1296.34, 1343.0
,ND,0.0, 0.0589, 0.118, 0.177, 0.236, 0.295, 0.354, 0.412, 0.471, 0.53, 0.589, 0.648, 0.707, 0.766, 0.825, 0.884, 0.943, 1.0
hcls-31,I,1590.0, 1602.34, 1592.63, 1520.94, 1457.7, 1428.75, 1421.2, 1417.99, 1407.85, 1392.72, 1393.83, 1392.46, 1403.63, 1391.1, 1406.98, 1420.37, 1399.67, 1390.93, 1387.03, 1412.79, 1438.02, 1488.24, 1519.0
,ND,0.0, 0.0464, 0.0928, 0.139, 0.186, 0.232, 0.279, 0.325, 0.371, 0.418, 0.464, 0.511, 0.557, 0.604, 0.65, 0.696, 0.743, 0.789, 0.836, 0.882, 0.928, 0.975, 1.0
hcls-75,I,2131.0, 2169.82, 2185.98, 2170.84, 2121.78, 2088.33, 2082.17, 2049.6, 2016.87, 2010.39, 1997.81, 2008.93, 2021.06, 2015.18, 2029.99, 2116.0, 2207.82, 2198.0, 2041.42, 1926.66, 1900.0
,ND,0.0, 0.052, 0.104, 0.156, 0.208, 0.26, 0.312, 0.364, 0.416, 0.468, 0.52, 0.572, 0.624, 0.676, 0.728, 0.78, 0.832, 0.884, 0.936, 0.988, 1.0
hcls-55,I,2751.0, 2736.5, 2644.48, 2552.24, 2531.99, 2570.95, 2611.79, 2658.92, 2647.58, 2635.18, 2622.3, 2638.74, 2633.31, 2597.5, 2573.63, 2582.8, 2600.77, 2562.42, 2537.95, 2591.94, 2654.28, 2636.21, 2626.0
,ND,0.0, 0.0471, 0.0943, 0.141, 0.189, 0.236, 0.283, 0.33, 0.377, 0.424, 0.471, 0.519, 0.566, 0.613, 0.66, 0.707, 0.754, 0.801, 0.849, 0.896, 0.943, 0.99, 1.0
hcls-87,I,2073.0, 2084.96, 2072.6, 2027.77, 1983.63, 1973.43, 1943.95, 1914.58, 1935.35, 1938.18, 1950.91, 1964.78, 1987.06, 1990.91, 1988.39, 1983.2, 1987.4, 2003.95, 1997.67, 2020.99, 2050.57, 2082.26, 2109.46, 2138.0
,ND,0.0, 0.0438, 0.0876, 0.131, 0.175, 0.219, 0.263, 0.307, 0.35, 0.394, 0.438, 0.482, 0.526, 0.57, 0.613, 0.657, 0.701, 0.745, 0.789, 0.832, 0.876, 0.92, 0.964, 1.0
hcls-11,I,1299.0, 1349.38, 1374.25, 1404.2, 1408.74, 1448.62, 1508.11, 1531.08, 1547.63, 1558.83, 1586.53, 1597.66, 1573.12, 1553.5, 1564.99, 1574.26, 1565.6, 1568.51, 1553.27, 1527.41, 1524.19, 1554.33, 1591.77, 1594.0
,ND,0.0, 0.0439, 0.0877, 0.132, 0.175, 0.219, 0.263, 0.307, 0.351, 0.395, 0.439, 0.482, 0.526, 0.57, 0.614, 0.658, 0.702, 0.745, 0.789, 0.833, 0.877, 0.921, 0.965, 1.0
hcls-48,I,2068.0, 2223.64, 2454.8, 2689.36, 2815.52, 2836.84, 2787.57, 2675.02, 2592.27, 2523.28, 2492.63, 2521.33, 2596.34, 2692.11, 2775.69, 2790.42, 2761.87, 2676.55, 2551.61, 2382.0
,ND,0.0, 0.0527, 0.105, 0.158, 0.211, 0.264, 0.316, 0.369, 0.422, 0.474, 0.527, 0.58, 0.632, 0.685, 0.738, 0.791, 0.843, 0.896, 0.949, 1.0
hcls-7,I,1579.0, 1617.53, 1603.64, 1591.92, 1576.67, 1553.02, 1540.66, 1506.23, 1477.08, 1459.23, 1451.6, 1459.98, 1450.89, 1436.07, 1434.08, 1441.1, 1423.23, 1404.46, 1402.38, 1400.57, 1402.69, 1415.89, 1477.99, 1452.36, 1450.0
,ND,0.0, 0.0428, 0.0857, 0.129, 0.171, 0.214, 0.257, 0.3, 0.343, 0.386, 0.428, 0.471, 0.514, 0.557, 0.6, 0.643, 0.685, 0.728, 0.771, 0.814, 0.857, 0.9, 0.942, 0.985, 1.0
hcls-56,I,1802.0, 1808.76, 1820.49, 1772.03, 1771.09, 1748.14, 1767.2, 1754.52, 1731.79, 1743.73, 1747.37, 1759.58, 1767.73, 1819.07, 1815.87, 1785.71, 1807.43, 1782.89, 1754.79, 1720.84, 1694.28, 1684.19, 1658.68, 1630.57, 1659.79, 1663.15, 1649.09, 1638.63, 1681.38, 1698.0
,ND,0.0, 0.0353, 0.0706, 0.106, 0.141, 0.177, 0.212, 0.247, 0.282, 0.318, 0.353, 0.388, 0.424, 0.459, 0.494, 0.53, 0.565, 0.6, 0.636, 0.671, 0.706, 0.742, 0.777, 0.812, 0.847, 0.883, 0.918, 0.953, 0.989, 1.0
hcls-98,I,2084.0, 2045.34, 2031.83, 1969.21, 2028.22, 2034.13, 2023.64, 2042.69, 2058.32, 2064.74, 2065.3, 2064.16, 2078.82, 2086.72, 2110.59, 2103.87, 2090.52, 2060.06, 2106.77, 2139.26, 2148.28, 2198.87, 2219.75, 2261.24, 2264.0
,ND,0.0, 0.0433, 0.0866, 0.13, 0.173, 0.217, 0.26, 0.303, 0.347, 0.39, 0.433, 0.476, 0.52, 0.563, 0.606, 0.65, 0.693, 0.736, 0.78, 0.823, 0.866, 0.91, 0.953, 0.996, 1.0
hcls-91,I,2074.0, 2042.0, 1965.28, 1978.63, 1972.83, 1979.33, 1965.84, 1922.36, 1873.03, 1825.52, 1820.22, 1829.71, 1816.88, 1831.6, 1836.77, 1838.47, 1859.06, 1846.67, 1846.6, 1855.92, 1933.95, 2011.43, 2023.0
,ND,0.0, 0.0472, 0.0944, 0.142, 0.189, 0.236, 0.283, 0.33, 0.378, 0.425, 0.472, 0.519, 0.566, 0.614, 0.661, 0.708, 0.755, 0.802, 0.849, 0.897, 0.944, 0.991, 1.0
hcls-41,I,2200.0, 2336.36, 2344.68, 2320.1, 2290.46, 2294.49, 2307.99, 2297.85, 2290.81, 2275.43, 2299.16, 2327.14, 2350.51, 2350.93, 2324.34, 2306.68, 2307.87, 2295.94, 2273.39, 2252.96, 2256.97, 2263.56, 2318.03, 2374.0
,ND,0.0, 0.0439, 0.0877, 0.132, 0.175, 0.219, 0.263, 0.307, 0.351, 0.395, 0.439, 0.482, 0.526, 0.57, 0.614, 0.658, 0.702, 0.745, 0.789, 0.833, 0.877, 0.921, 0.965, 1.0
hcls-65,I,1799.0, 1824.86, 1836.5, 1812.21, 1779.72, 1775.44, 1727.8, 1735.01, 1722.27, 1711.97, 1723.05, 1729.37, 1733.0, 1765.82, 1761.62, 1767.13, 1786.94, 1802.24, 1873.7, 1922.76, 1987.85, 2018.07, 2031.34, 2011.74, 1958.0
,ND,0.0, 0.0419, 0.0838, 0.126, 0.168, 0.21, 0.252, 0.293, 0.335, 0.377, 0.419, 0.461, 0.503, 0.545, 0.587, 0.629, 0.671, 0.713, 0.755, 0.797, 0.838, 0.88, 0.922, 0.964, 1.0
hcls-50,I,2417.0, 2441.98, 2439.74, 2400.61, 2355.48, 2330.18, 2351.15, 2352.66, 2326.02, 2324.9, 2338.83, 2330.59, 2330.14, 2332.16, 2339.23, 2350.16, 2400.23, 2481.12, 2590.96, 2577.78, 2473.73, 2442.0
,ND,0.0, 0.0494, 0.0988, 0.148, 0.198, 0.247, 0.296, 0.346, 0.395, 0.444, 0.494, 0.543, 0.593, 0.642, 0.691, 0.741, 0.79, 0.84, 0.889, 0.938, 0.988, 1.0
hcls-80,I,1963.0, 1988.49, 1987.17, 2031.94, 2032.95, 2045.82, 2064.95, 2069.58, 2093.66, 2093.83, 2099.14, 2044.05, 2059.27, 2043.35, 2018.19, 2013.04, 2011.36, 1987.42, 1979.49, 1982.43, 2008.06, 2014.98, 2063.31, 2099.98, 2094.92, 2065.0
,ND,0.0, 0.0407, 0.0813, 0.122, 0.163, 0.203, 0.244, 0.285, 0.325, 0.366, 0.407, 0.447, 0.488, 0.529, 0.569, 0.61, 0.65, 0.691, 0.732, 0.772, 0.813, 0.854, 0.894, 0.935, 0.976, 1.0
hcls-43,I,2270.0, 2359.66, 2395.05, 2375.45, 2334.57, 2337.02, 2358.83, 2413.47, 2382.03, 2362.03, 2408.57, 2394.47, 2413.06, 2399.14, 2356.49, 2396.2, 2412.47, 2402.11, 2336.49, 2317.67, 2397.0, 2406.0
,ND,0.0, 0.0498, 0.0995, 0.149, 0.199, 0.249, 0.299, 0.348, 0.398, 0.448, 0.498, 0.547, 0.597, 0.647, 0.697, 0.746, 0.796, 0.846, 0.896, 0.945, 0.995, 1.0
hcls-84,I,1788.0, 1778.29, 1772.17, 1750.89, 1747.71, 1776.31, 1789.31, 1812.71, 1797.31, 1819.29, 1833.13, 1857.65, 1879.36, 1879.91, 1856.5, 1811.0
,ND,0.0, 0.0673, 0.135, 0.202, 0.269, 0.336, 0.404, 0.471, 0.538, 0.605, 0.673, 0.74, 0.807, 0.874, 0.942, 1.0
hcls-16,I,1300.0, 1292.0, 1294.58, 1280.82, 1264.41, 1268.59, 1249.05, 1244.46, 1249.34, 1247.71, 1246.33, 1246.67, 1250.06, 1257.87, 1258.07, 1246.14, 1243.65, 1233.58, 1229.45, 1226.0
,ND,0.0, 0.053, 0.106, 0.159, 0.212, 0.265, 0.318, 0.371, 0.424, 0.477, 0.53, 0.583, 0.636, 0.689, 0.742, 0.795, 0.848, 0.901, 0.954, 1.0
hcls-70,I,1663.0, 1700.63, 1713.23, 1727.35, 1722.06, 1715.09, 1711.16, 1689.19, 1694.95, 1682.94, 1675.76, 1688.89, 1696.71, 1700.89, 1683.92, 1725.26, 1771.08, 1761.41, 1760.0
,ND,0.0, 0.0587, 0.117, 0.176, 0.235, 0.294, 0.352, 0.411, 0.47, 0.528, 0.587, 0.646, 0.705, 0.763, 0.822, 0.881, 0.94, 0.998, 1.0
hcls-38,I,1527.0, 1479.74, 1428.2, 1383.36, 1362.65, 1355.96, 1333.68, 1318.11, 1309.21, 1312.01, 1329.93, 1327.62, 1342.9, 1378.24, 1428.09, 1453.9, 1435.0
,ND,0.0, 0.0632, 0.126, 0.19, 0.253, 0.316, 0.379, 0.443, 0.506, 0.569, 0.632, 0.696, 0.759, 0.822, 0.885, 0.949, 1.0
hcls-102,I,1369.0, 1327.9, 1286.87, 1278.28, 1274.04, 1266.39, 1268.28, 1307.5, 1313.74, 1312.82, 1297.78, 1284.56, 1311.41, 1345.99, 1385.91, 1447.68, 1509.44, 1542.32, 1588.54, 1589.0
,ND,0.0, 0.0544, 0.109, 0.163, 0.218, 0.272, 0.326, 0.381, 0.435, 0.49, 0.544, 0.598, 0.653, 0.707, 0.761, 0.816, 0.87, 0.925, 0.979, 1.0
hcls-35,I,1218.0, 1201.62, 1195.0, 1197.14, 1191.43, 1192.7, 1197.04, 1215.39, 1221.61, 1217.0, 1188.53, 1164.52, 1173.18, 1193.15, 1213.16, 1211.09, 1181.15, 1192.31, 1192.72, 1218.92, 1219.34, 1214.0
,ND,0.0, 0.0494, 0.0988, 0.148, 0.198, 0.247, 0.296, 0.346, 0.395, 0.444, 0.494, 0.543, 0.593, 0.642, 0.691, 0.741, 0.79, 0.84, 0.889, 0.938, 0.988, 1.0
hcls-93,I,1711.0, 1718.03, 1758.16, 1759.62, 1732.67, 1710.16, 1716.79, 1738.53, 1758.27, 1762.84, 1759.73, 1753.73, 1744.17, 1732.69, 1730.55, 1707.99, 1699.81, 1689.37, 1704.02, 1739.84, 1732.35, 1694.67, 1660.3, 1648.0
,ND,0.0, 0.0445, 0.089, 0.133, 0.178, 0.222, 0.267, 0.311, 0.356, 0.4, 0.445, 0.489, 0.534, 0.578, 0.623, 0.667, 0.712, 0.756, 0.801, 0.845, 0.89, 0.934, 0.979, 1.0
hcls-1,I,1319.0, 1454.26, 1546.79, 1528.66, 1454.69, 1426.13, 1419.67, 1418.09, 1449.42, 1442.87, 1419.11, 1422.45, 1415.65, 1401.64, 1401.37, 1403.33, 1402.88, 1435.83, 1459.0
,ND,0.0, 0.0572, 0.114, 0.171, 0.229, 0.286, 0.343, 0.4, 0.457, 0.514, 0.572, 0.629, 0.686, 0.743, 0.8, 0.857, 0.915, 0.972, 1.0
hcls-60,I,1764.0, 1757.46, 1747.06, 1725.49, 1707.97, 1691.89, 1692.22, 1689.0, 1712.5, 1702.81, 1704.13, 1706.17, 1706.02, 1709.88, 1720.86, 1743.87, 1755.17, 1749.96, 1760.39, 1816.55, 1844.96, 1843.01, 1849.0
,ND,0.0, 0.0462, 0.0925, 0.139, 0.185, 0.231, 0.277, 0.324, 0.37, 0.416, 0.462, 0.508, 0.555, 0.601, 0.647, 0.693, 0.74, 0.786, 0.832, 0.878, 0.925, 0.971, 1.0
hcls-25,I,1488.0, 1515.41, 1504.79, 1487.96, 1451.94, 1450.48, 1434.56, 1442.97, 1415.96, 1372.49, 1372.81, 1349.87, 1343.75, 1365.63, 1369.61, 1363.77, 1365.39, 1395.18, 1441.68, 1569.19, 1681.4, 1707.0
,ND,0.0, 0.0494, 0.0988, 0.148, 0.198, 0.247, 0.296, 0.346, 0.395, 0.444, 0.494, 0.543, 0.593, 0.642, 0.691, 0.741, 0.79, 0.84, 0.889, 0.938, 0.988, 1.0
hcls-17,I,1406.0, 1473.17, 1513.7, 1505.88, 1441.08, 1425.26, 1404.82, 1389.69, 1408.45, 1398.42, 1405.92, 1417.57, 1428.51, 1430.24, 1441.0, 1452.14, 1457.24, 1436.08, 1427.84, 1448.7, 1475.18, 1494.77, 1533.89, 1560.08, 1587.37, 1618.19, 1600.0
,ND,0.0, 0.0389, 0.0778, 0.117, 0.156, 0.194, 0.233, 0.272, 0.311, 0.35, 0.389, 0.428, 0.467, 0.506, 0.545, 0.583, 0.622, 0.661, 0.7, 0.739, 0.778, 0.817, 0.856, 0.895, 0.933, 0.972, 1.0
hcls-95,I,1686.0, 1733.56, 1757.99, 1757.16, 1766.06, 1749.59, 1718.03, 1733.28, 1711.59, 1688.1, 1685.59, 1694.35, 1698.39, 1708.21, 1728.82, 1754.33, 1761.0
,ND,0.0, 0.0655, 0.131, 0.197, 0.262, 0.328, 0.393, 0.459, 0.524, 0.59, 0.655, 0.721, 0.786, 0.852, 0.917, 0.983, 1.0
hcls-21,I,1557.0, 1534.71, 1514.61, 1482.29, 1477.08, 1472.42, 1474.04, 1474.81, 1495.02, 1508.6, 1502.45, 1518.6, 1510.58, 1487.19, 1481.07, 1486.28, 1508.53, 1499.33, 1521.1, 1479.0
,ND,0.0, 0.0527, 0.105, 0.158, 0.211, 0.264, 0.316, 0.369, 0.422, 0.474, 0.527, 0.58, 0.632, 0.685, 0.738, 0.791, 0.843, 0.896, 0.949, 1.0
hcls-64,I,1719.0, 1801.92, 1806.65, 1776.81, 1752.66, 1727.64, 1704.23, 1723.87, 1718.63, 1714.43, 1721.08, 1733.29, 1741.18, 1713.61, 1722.24, 1743.9, 1757.04, 1784.01, 1817.73, 1846.94, 1883.6, 1914.06, 1916.0
,ND,0.0, 0.0474, 0.0948, 0.142, 0.19, 0.237, 0.284, 0.332, 0.379, 0.427, 0.474, 0.521, 0.569, 0.616, 0.664, 0.711, 0.758, 0.806, 0.853, 0.901, 0.948, 0.995, 1.0
hcls-66,I,1826.0, 1812.06, 1785.03, 1780.56, 1795.42, 1764.2, 1738.93, 1727.57, 1724.35, 1683.28, 1665.48, 1656.53, 1646.97, 1657.46, 1670.33, 1694.43, 1712.48, 1721.77, 1746.69, 1763.46, 1774.0
,ND,0.0, 0.0509, 0.102, 0.153, 0.204, 0.254, 0.305, 0.356, 0.407, 0.458, 0.509, 0.56, 0.611, 0.662, 0.713, 0.763, 0.814, 0.865, 0.916, 0.967, 1.0
hcls-90,I,2005.0, 2137.02, 2216.85, 2230.64, 2204.93, 2212.77, 2182.16, 2168.79, 2120.11, 2079.4, 2063.28, 2033.95, 2033.43, 2037.69, 2007.34, 2010.83, 2039.85, 2101.27, 2127.09, 2068.24, 2050.0
,ND,0.0, 0.052, 0.104, 0.156, 0.208, 0.26, 0.312, 0.364, 0.416, 0.468, 0.52, 0.572, 0.624, 0.676, 0.728, 0.78, 0.832, 0.884, 0.936, 0.988, 1.0
hcls-69,I,1962.0, 1912.34, 1870.66, 1827.58, 1786.97, 1783.3, 1747.03, 1745.92, 1749.93, 1731.65, 1723.77, 1718.68, 1743.01, 1715.8, 1736.43, 1774.12, 1807.45, 1782.88, 1738.74, 1762.87, 1768.6, 1782.67, 1822.56, 1794.37, 1761.79, 1766.46, 1749.7, 1734.0
,ND,0.0, 0.0376, 0.0751, 0.113, 0.15, 0.188, 0.225, 0.263, 0.3, 0.338, 0.376, 0.413, 0.451, 0.488, 0.526, 0.563, 0.601, 0.638, 0.676, 0.714, 0.751, 0.789, 0.826, 0.864, 0.901, 0.939, 0.976, 1.0
hcls-6,I,1540.0, 1540.11, 1527.11, 1501.94, 1497.18, 1507.97, 1485.29, 1547.78, 1553.33, 1518.71, 1522.62, 1541.04, 1571.86, 1635.18, 1754.27, 1850.79, 1893.79, 1870.59, 1808.02, 1806.0
,ND,0.0, 0.0555, 0.111, 0.166, 0.222, 0.277, 0.333, 0.388, 0.444, 0.499, 0.555, 0.61, 0.666, 0.721, 0.777, 0.832, 0.888, 0.943, 0.998, 1.0
hcls-81,I,2119.0, 2127.67, 2089.21, 2060.37, 2048.5, 2037.4, 2031.37, 2025.03, 2052.93, 2078.78, 2108.49, 2107.89, 2103.56, 2094.38, 2100.22, 2106.78, 2104.67, 2109.64, 2122.85, 2105.86, 2115.77, 2134.44, 2165.35, 2175.99, 2164.0
,ND,0.0, 0.0425, 0.085, 0.127, 0.17, 0.212, 0.255, 0.297, 0.34, 0.382, 0.425, 0.467, 0.51, 0.552, 0.595, 0.637, 0.68, 0.722, 0.765, 0.807, 0.85, 0.892, 0.935, 0.977, 1.0
hcls-61,I,1660.0, 1657.55, 1644.09, 1650.65, 1671.9, 1657.32, 1686.96, 1695.39, 1712.33, 1742.64, 1722.16, 1729.13, 1724.02, 1714.91, 1716.13, 1756.05, 1797.47, 1806.28, 1756.24, 1728.68, 1744.37, 1758.66, 1745.94, 1740.59, 1757.24, 1753.49, 1762.08, 1790.45, 1791.0
,ND,0.0, 0.037, 0.074, 0.111, 0.148, 0.185, 0.222, 0.259, 0.296, 0.333, 0.37, 0.407, 0.444, 0.481, 0.518, 0.555, 0.592, 0.629, 0.666, 0.703, 0.74, 0.777, 0.814, 0.851, 0.888, 0.925, 0.962, 0.999, 1.0
hcls-10,I,1373.0, 1327.28, 1305.21, 1301.84, 1324.2, 1338.6, 1350.68, 1367.04, 1367.97, 1364.6, 1347.94, 1341.0, 1336.7, 1336.87, 1319.64, 1298.54, 1335.89, 1319.54, 1337.94, 1343.32, 1345.0
,ND,0.0, 0.0518, 0.104, 0.155, 0.207, 0.259, 0.311, 0.362, 0.414, 0.466, 0.518, 0.57, 0.621, 0.673, 0.725, 0.777, 0.828, 0.88, 0.932, 0.984, 1.0
hcls-34,I,1275.0, 1315.68, 1335.14, 1335.35, 1359.88, 1339.81, 1341.05, 1301.34, 1283.98, 1276.67, 1280.07, 1249.32, 1300.21, 1333.48, 1390.99, 1428.71, 1432.0
,ND,0.0, 0.0654, 0.131, 0.196, 0.261, 0.327, 0.392, 0.458, 0.523, 0.588, 0.654, 0.719, 0.784, 0.85, 0.915, 0.981, 1.0
hcls-26,I,1537.0, 1549.95, 1496.78, 1439.69, 1399.92, 1384.87, 1419.39, 1424.23, 1416.65, 1400.67, 1406.7, 1426.36, 1437.28, 1451.03, 1463.55, 1487.12, 1521.0
,ND,0.0, 0.0632, 0.126, 0.19, 0.253, 0.316, 0.379, 0.443, 0.506, 0.569, 0.632, 0.696, 0.759, 0.822, 0.885, 0.949, 1.0
hcls-22,I,1300.0, 1366.45, 1414.13, 1397.79, 1386.7, 1408.12, 1401.37, 1400.8, 1429.0, 1480.77, 1491.25, 1470.78, 1474.86, 1493.45, 1484.41, 1484.78, 1470.49, 1462.79, 1485.5, 1576.34, 1694.21, 1732.0
,ND,0.0, 0.0494, 0.0988, 0.148, 0.198, 0.247, 0.296, 0.346, 0.395, 0.444, 0.494, 0.543, 0.593, 0.642, 0.691, 0.741, 0.79, 0.84, 0.889, 0.938, 0.988, 1.0
hcls-9,I,1447.0, 1483.96, 1531.92, 1567.98, 1551.91, 1501.09, 1451.39, 1459.57, 1470.54, 1453.83, 1424.61, 1446.07, 1443.34, 1452.85, 1462.04, 1461.89, 1465.22, 1453.46, 1463.08, 1453.51, 1454.35, 1520.65, 1625.66, 1706.17, 1730.0
,ND,0.0, 0.0424, 0.0847, 0.127, 0.169, 0.212, 0.254, 0.297, 0.339, 0.381, 0.424, 0.466, 0.508, 0.551, 0.593, 0.636, 0.678, 0.72, 0.763, 0.805, 0.847, 0.89, 0.932, 0.975, 1.0
hcls-42,I,2530.0, 2654.0, 2541.52, 2522.77, 2481.06, 2480.07, 2434.62, 2436.19, 2442.33, 2421.93, 2450.97, 2432.36, 2421.48, 2417.14, 2384.27, 2405.66, 2384.14, 2477.14, 2471.85, 2414.51, 2413.0
,ND,0.0, 0.0526, 0.105, 0.158, 0.21, 0.263, 0.315, 0.368, 0.42, 0.473, 0.526, 0.578, 0.631, 0.683, 0.736, 0.788, 0.841, 0.894, 0.946, 0.999, 1.0
hcls-13,I,1525.0, 1468.78, 1451.21, 1445.09, 1452.98, 1447.2, 1442.81, 1441.81, 1406.38, 1394.49, 1405.28, 1403.08, 1394.05, 1389.69, 1388.89, 1388.36, 1383.75, 1389.24, 1392.81, 1407.84, 1412.07, 1433.94, 1427.2, 1480.63, 1506.58, 1508.0, 1508.0
,ND,0.0, 0.04, 0.08, 0.12, 0.16, 0.2, 0.24, 0.28, 0.32, 0.36, 0.4, 0.44, 0.48, 0.52, 0.56, 0.6, 0.64, 0.68, 0.72, 0.76, 0.8, 0.84, 0.88, 0.92, 0.96, 1.0, 1.0
hcls-82,I,1884.0, 1880.47, 1863.94, 1860.46, 1832.12, 1827.48, 1857.59, 1860.5, 1875.11, 1917.47, 1961.07, 2016.19, 2047.94, 2087.48, 2109.27, 2164.84, 2213.06, 2241.08, 2257.92, 2289.16, 2294.0
,ND,0.0, 0.0523, 0.105, 0.157, 0.209, 0.262, 0.314, 0.366, 0.419, 0.471, 0.523, 0.576, 0.628, 0.68, 0.733, 0.785, 0.837, 0.89, 0.942, 0.995, 1.0
hcls-88,I,1793.0, 1815.1, 1834.04, 1882.1, 1842.35, 1846.85, 1848.8, 1849.76, 1854.78, 1898.45, 1888.37, 1934.91, 1934.34, 1946.48, 1957.62, 2008.52, 2016.29, 2045.53, 2079.3, 2137.17, 2170.4, 2162.02, 2158.0
,ND,0.0, 0.0471, 0.0943, 0.141, 0.189, 0.236, 0.283, 0.33, 0.377, 0.424, 0.471, 0.519, 0.566, 0.613, 0.66, 0.707, 0.754, 0.801, 0.849, 0.896, 0.943, 0.99, 1.0
hcls-76,I,2149.0, 2089.39, 2044.09, 1969.73, 1927.69, 1888.6, 1864.18, 1854.48, 1840.78, 1846.91, 1840.86, 1846.52, 1855.09, 1848.57, 1862.94, 1862.34, 1893.98, 1944.24, 2010.3, 2067.47, 2115.45, 2116.0
,ND,0.0, 0.0485, 0.097, 0.146, 0.194, 0.243, 0.291, 0.34, 0.388, 0.437, 0.485, 0.534, 0.582, 0.631, 0.679, 0.728, 0.776, 0.825, 0.873, 0.922, 0.97, 1.0
hcls-28,I,1511.0, 1467.58, 1429.31, 1416.3, 1439.7, 1440.24, 1426.08, 1419.76, 1430.32, 1430.67, 1433.15, 1427.94, 1453.95, 1460.73, 1495.13, 1522.64, 1518.68, 1507.18, 1534.23, 1565.44, 1580.53, 1543.3, 1531.0
,ND,0.0, 0.047, 0.0941, 0.141, 0.188, 0.235, 0.282, 0.329, 0.376, 0.423, 0.47, 0.517, 0.564, 0.611, 0.659, 0.706, 0.753, 0.8, 0.847, 0.894, 0.941, 0.988, 1.0
hcls-30,I,1472.0, 1529.14, 1523.44, 1553.21, 1481.78, 1455.63, 1422.3, 1425.49, 1401.78, 1362.01, 1373.31, 1377.64, 1353.76, 1363.56, 1341.08, 1378.43, 1431.11, 1492.19, 1489.17, 1489.0
,ND,0.0, 0.0555, 0.111, 0.166, 0.222, 0.277, 0.333, 0.388, 0.444, 0.499, 0.555, 0.61, 0.666, 0.721, 0.777, 0.832, 0.888, 0.943, 0.998, 1.0
hcls-12,I,1454.0, 1430.52, 1373.23, 1361.22, 1355.9, 1344.99, 1343.53, 1338.09, 1315.14, 1326.15, 1328.85, 1316.04, 1302.05, 1327.62, 1338.04, 1359.93, 1411.07, 1498.52, 1500.0
,ND,0.0, 0.0587, 0.117, 0.176, 0.235, 0.294, 0.352, 0.411, 0.47, 0.528, 0.587, 0.646, 0.705, 0.763, 0.822, 0.881, 0.94, 0.998, 1.0
hcls-19,I,1247.0, 1320.54, 1432.38, 1475.88, 1462.42, 1404.08, 1365.18, 1354.59, 1340.5, 1338.36, 1329.77, 1359.56, 1329.59, 1333.9, 1334.65, 1352.33, 1393.35, 1411.27, 1412.0
,ND,0.0, 0.0573, 0.115, 0.172, 0.229, 0.286, 0.344, 0.401, 0.458, 0.515, 0.573, 0.63, 0.687, 0.744, 0.802, 0.859, 0.916, 0.973, 1.0
hcls-74,I,2101.0, 2140.87, 2109.27, 2062.82, 2055.76, 2044.03, 2026.38, 2027.12, 2004.93, 1997.55, 1983.52, 2036.16, 2053.71, 2051.72, 2109.62, 2122.93, 2159.23, 2175.88, 2180.11, 2186.0
,ND,0.0, 0.0544, 0.109, 0.163, 0.218, 0.272, 0.326, 0.381, 0.435, 0.49, 0.544, 0.598, 0.653, 0.707, 0.761, 0.816, 0.87, 0.925, 0.979, 1.0
hcls-33,I,1630.0, 1564.0, 1507.0, 1448.0, 1430.0, 1406.0, 1454.0, 1415.0, 1439.0, 1432.0, 1444.0, 1439.0, 1450.0, 1494.0, 1457.0, 1475.0, 1532.0, 1541.0, 1564.0, 1627.0, 1629.0, 1573.0, 1527.0, 1527.0
,ND,0.0, 0.0455, 0.0909, 0.136, 0.182, 0.227, 0.273, 0.318, 0.364, 0.409, 0.455, 0.5, 0.545, 0.591, 0.636, 0.682, 0.727, 0.773, 0.818, 0.864, 0.909, 0.955, 1.0, 1.0
hcls-96,I,1665.0, 1732.32, 1756.44, 1757.07, 1728.57, 1722.15, 1753.72, 1716.51, 1690.95, 1712.8, 1712.37, 1692.98, 1680.09, 1691.74, 1677.7, 1682.4, 1725.55, 1768.49, 1764.96, 1726.0
,ND,0.0, 0.053, 0.106, 0.159, 0.212, 0.265, 0.318, 0.371, 0.424, 0.477, 0.53, 0.583, 0.636, 0.689, 0.742, 0.795, 0.848, 0.901, 0.954, 1.0
hcls-27,I,1477.0, 1498.93, 1486.23, 1485.16, 1481.1, 1467.28, 1485.8, 1510.87, 1499.04, 1496.69, 1491.95, 1478.86, 1482.76, 1437.56, 1448.18, 1436.94, 1476.67, 1532.02, 1579.64, 1607.0
,ND,0.0, 0.053, 0.106, 0.159, 0.212, 0.265, 0.318, 0.371, 0.424, 0.477, 0.53, 0.583, 0.636, 0.689, 0.742, 0.795, 0.848, 0.901, 0.954, 1.0
hcls-68,I,2280.0, 2269.7, 2175.47, 2106.56, 2034.99, 1984.14, 1939.74, 1901.3, 1854.41, 1813.93, 1804.26, 1806.6, 1799.85, 1802.52, 1839.19, 1910.42, 1941.9, 1919.09, 1877.07, 1876.0
,ND,0.0, 0.0555, 0.111, 0.166, 0.222, 0.277, 0.333, 0.388, 0.444, 0.499, 0.555, 0.61, 0.666, 0.721, 0.777, 0.832, 0.888, 0.943, 0.998, 1.0
hcls-23,I,1545.0, 1532.75, 1493.9, 1464.86, 1452.73, 1483.55, 1513.79, 1513.58, 1518.29, 1498.67, 1476.67, 1481.13, 1484.22, 1471.53, 1476.04, 1454.8, 1422.83, 1396.32, 1378.51, 1372.94, 1391.59, 1469.34, 1477.0
,ND,0.0, 0.0474, 0.0948, 0.142, 0.19, 0.237, 0.284, 0.332, 0.379, 0.427, 0.474, 0.521, 0.569, 0.616, 0.664, 0.711, 0.758, 0.806, 0.853, 0.901, 0.948, 0.995, 1.0
hcls-89,I,2164.0, 2086.38, 2075.5, 2047.4, 2028.6, 2023.11, 2010.82, 2024.25, 2032.79, 2051.14, 2076.54, 2094.14, 2112.86, 2155.49, 2170.12, 2191.73, 2223.99, 2265.06, 2303.54, 2302.15, 2297.11, 2297.0
,ND,0.0, 0.0498, 0.0995, 0.149, 0.199, 0.249, 0.299, 0.348, 0.398, 0.448, 0.498, 0.547, 0.597, 0.647, 0.697, 0.746, 0.796, 0.846, 0.896, 0.945, 0.995, 1.0
hcls-73,I,1824.0, 1839.22, 1843.07, 1856.71, 1872.9, 1864.59, 1872.77, 1907.74, 1938.03, 1966.25, 1951.84, 1982.22, 2011.09, 2015.59, 2032.62, 2070.67, 2104.32, 2109.01, 2122.36, 2133.44, 2157.36, 2175.36, 2189.32, 2236.42, 2227.68, 2220.0
,ND,0.0, 0.041, 0.0819, 0.123, 0.164, 0.205, 0.246, 0.287, 0.328, 0.369, 0.41, 0.451, 0.492, 0.533, 0.573, 0.614, 0.655, 0.696, 0.737, 0.778, 0.819, 0.86, 0.901, 0.942, 0.983, 1.0
hcls-5,I,1700.0, 1643.22, 1626.46, 1590.48, 1568.48, 1519.38, 1492.09, 1461.29, 1476.9, 1500.45, 1473.48, 1480.15, 1487.19, 1499.31, 1511.37, 1515.28, 1495.39, 1484.17, 1448.27, 1412.71, 1386.25, 1353.7, 1332.96, 1336.97, 1334.84, 1336.55, 1344.55, 1349.15, 1377.57, 1408.1, 1425.3, 1446.19, 1447.0
,ND,0.0, 0.0317, 0.0633, 0.095, 0.127, 0.158, 0.19, 0.222, 0.253, 0.285, 0.317, 0.348, 0.38, 0.412, 0.443, 0.475, 0.507, 0.538, 0.57, 0.602, 0.633, 0.665, 0.697, 0.728, 0.76, 0.792, 0.823, 0.855, 0.887, 0.918, 0.95, 0.982, 1.0
hcls-67,I,1795.0, 1839.03, 1814.65, 1853.7, 1789.11, 1771.15, 1759.49, 1735.51, 1745.98, 1707.59, 1704.21, 1756.12, 1713.35, 1741.57, 1715.28, 1698.73, 1729.01, 1730.57, 1741.03, 1715.67, 1742.53, 1754.08, 1767.54, 1772.53, 1773.0
,ND,0.0, 0.0433, 0.0866, 0.13, 0.173, 0.217, 0.26, 0.303, 0.347, 0.39, 0.433, 0.476, 0.52, 0.563, 0.606, 0.65, 0.693, 0.736, 0.78, 0.823, 0.866, 0.91, 0.953, 0.996, 1.0
hcls-46,I,2891.0, 2816.61, 2676.98, 2578.05, 2621.89, 2593.39, 2549.46, 2527.77, 2554.63, 2535.85, 2519.58, 2502.97, 2491.59, 2456.17, 2473.7, 2448.9, 2443.86, 2468.97, 2483.61, 2453.88, 2467.7, 2491.78, 2458.79, 2444.26, 2482.42, 2516.97, 2520.0
,ND,0.0, 0.0399, 0.0797, 0.12, 0.159, 0.199, 0.239, 0.279, 0.319, 0.359, 0.399, 0.439, 0.478, 0.518, 0.558, 0.598, 0.638, 0.678, 0.718, 0.758, 0.797, 0.837, 0.877, 0.917, 0.957, 0.997, 1.0
hcls-57,I,1683.0, 1730.57, 1731.31, 1711.85, 1709.76, 1730.51, 1748.41, 1749.71, 1769.05, 1807.66, 1822.75, 1825.5, 1810.64, 1831.01, 1850.75, 1872.4, 1877.68, 1887.87, 1904.51, 1924.32, 1932.0
,ND,0.0, 0.0508, 0.102, 0.152, 0.203, 0.254, 0.305, 0.355, 0.406, 0.457, 0.508, 0.558, 0.609, 0.66, 0.711, 0.762, 0.812, 0.863, 0.914, 0.965, 1.0
hcls-32,I,1517.0, 1543.25, 1544.69, 1488.85, 1446.24, 1425.35, 1427.32, 1406.31, 1416.9, 1397.36, 1403.15, 1413.38, 1375.56, 1392.92, 1407.22, 1422.14, 1433.34, 1435.11, 1432.8, 1432.0
,ND,0.0, 0.0555, 0.111, 0.166, 0.222, 0.277, 0.333, 0.388, 0.444, 0.499, 0.555, 0.61, 0.666, 0.721, 0.777, 0.832, 0.888, 0.943, 0.998, 1.0
hcls-86,I,1865.0, 1965.02, 2017.8, 1995.67, 1954.18, 1964.41, 1968.34, 1945.26, 1955.93, 1969.71, 1983.47, 1996.65, 2016.86, 2048.84, 2047.42, 2040.77, 2064.7, 2086.57, 2089.38, 2084.18, 2086.11, 2081.96, 2090.09, 2152.02, 2179.0
,ND,0.0, 0.0429, 0.0857, 0.129, 0.171, 0.214, 0.257, 0.3, 0.343, 0.386, 0.429, 0.472, 0.514, 0.557, 0.6, 0.643, 0.686, 0.729, 0.772, 0.815, 0.857, 0.9, 0.943, 0.986, 1.0
hcls-58,I,1750.0, 1776.57, 1735.13, 1702.97, 1698.14, 1682.19, 1694.56, 1656.73, 1638.54, 1644.45, 1690.09, 1683.42, 1668.63, 1689.29, 1744.89, 1803.96, 1887.57, 1797.79, 1711.41, 1709.0
,ND,0.0, 0.0555, 0.111, 0.166, 0.222, 0.277, 0.333, 0.388, 0.444, 0.499, 0.555, 0.61, 0.666, 0.721, 0.777, 0.832, 0.888, 0.943, 0.998, 1.0
hcls-8,I,1399.0, 1385.7, 1367.13, 1382.39, 1372.95, 1373.09, 1360.31, 1376.54, 1396.35, 1410.53, 1407.7, 1397.73, 1418.23, 1483.47, 1515.02, 1533.09, 1544.37, 1515.23, 1475.98, 1456.63, 1436.94, 1443.72, 1444.26, 1424.75, 1408.0
,ND,0.0, 0.0427, 0.0854, 0.128, 0.171, 0.214, 0.256, 0.299, 0.342, 0.384, 0.427, 0.47, 0.513, 0.555, 0.598, 0.641, 0.683, 0.726, 0.769, 0.812, 0.854, 0.897, 0.94, 0.983, 1.0
hcls-59,I,1891.0, 1905.92, 1918.12, 1919.03, 1908.31, 1854.99, 1829.83, 1851.22, 1841.96, 1824.59, 1826.86, 1831.79, 1850.22, 1860.17, 1825.74, 1812.46, 1844.75, 1850.22, 1876.93, 1915.86, 1919.98, 1923.56, 1922.0
,ND,0.0, 0.0472, 0.0944, 0.142, 0.189, 0.236, 0.283, 0.33, 0.378, 0.425, 0.472, 0.519, 0.566, 0.614, 0.661, 0.708, 0.755, 0.802, 0.849, 0.897, 0.944, 0.991, 1.0
hcls-2,I,1447.0, 1468.66, 1452.21, 1397.13, 1365.84, 1323.06, 1308.46, 1311.37, 1270.89, 1235.16, 1230.53, 1212.58, 1202.52, 1208.45, 1221.88, 1248.99, 1294.43, 1289.0
,ND,0.0, 0.0589, 0.118, 0.177, 0.236, 0.295, 0.354, 0.412, 0.471, 0.53, 0.589, 0.648, 0.707, 0.766, 0.825, 0.884, 0.943, 1.0
hcls-51,I,2417.0, 2453.93, 2452.17, 2334.92, 2304.93, 2302.52, 2352.25, 2339.23, 2342.64, 2386.42, 2352.78, 2372.2, 2390.81, 2409.43, 2396.88, 2367.65, 2389.34, 2407.02, 2367.64, 2337.91, 2328.79, 2292.78, 2275.27, 2372.51, 2515.01, 2518.0
,ND,0.0, 0.0416, 0.0833, 0.125, 0.167, 0.208, 0.25, 0.291, 0.333, 0.375, 0.416, 0.458, 0.5, 0.541, 0.583, 0.624, 0.666, 0.708, 0.749, 0.791, 0.833, 0.874, 0.916, 0.958, 0.999, 1.0
hcls-79,I,1964.0, 1931.48, 1891.63, 1900.42, 1906.33, 1922.1, 1941.86, 1945.14, 1961.17, 1974.14, 1947.57, 1945.86, 1960.07, 1953.34, 1966.43, 1970.64, 1997.23, 1980.87, 1982.3, 1943.78, 1968.12, 1983.72, 1989.15, 1995.75, 1997.0
,ND,0.0, 0.0433, 0.0866, 0.13, 0.173, 0.217, 0.26, 0.303, 0.347, 0.39, 0.433, 0.476, 0.52, 0.563, 0.606, 0.65, 0.693, 0.736, 0.78, 0.823, 0.866, 0.91, 0.953, 0.996, 1.0
hcls-15,I,1340.0, 1417.82, 1474.5, 1485.9, 1489.26, 1476.21, 1510.46, 1491.64, 1489.07, 1457.89, 1430.09, 1452.49, 1448.99, 1455.78, 1451.6, 1444.38, 1450.2, 1427.91, 1434.44, 1473.53, 1529.27, 1562.0
,ND,0.0, 0.0481, 0.0961, 0.144, 0.192, 0.24, 0.288, 0.336, 0.384, 0.433, 0.481, 0.529, 0.577, 0.625, 0.673, 0.721, 0.769, 0.817, 0.865, 0.913, 0.961, 1.0
hcls-62,I,1855.0, 1927.24, 1935.09, 1941.2, 1943.06, 1952.0, 1886.78, 1904.72, 1879.61, 1870.5, 1873.1, 1875.54, 1849.55, 1839.4, 1838.05, 1818.73, 1800.71, 1818.93, 1820.14, 1809.84, 1853.9, 1890.0, 1847.48, 1745.2, 1743.0
,ND,0.0, 0.0434, 0.0869, 0.13, 0.174, 0.217, 0.261, 0.304, 0.347, 0.391, 0.434, 0.478, 0.521, 0.565, 0.608, 0.652, 0.695, 0.738, 0.782, 0.825, 0.869, 0.912, 0.956, 0.999, 1.0
hcls-71,I,1707.0, 1670.53, 1650.06, 1645.02, 1631.66, 1625.98, 1625.23, 1662.81, 1674.67, 1681.59, 1725.49, 1740.92, 1789.92, 1839.64, 1898.68, 1972.96, 2038.48, 2131.25, 2161.1, 2198.0
,ND,0.0, 0.0538, 0.108, 0.161, 0.215, 0.269, 0.323, 0.376, 0.43, 0.484, 0.538, 0.591, 0.645, 0.699, 0.753, 0.806, 0.86, 0.914, 0.968, 1.0
hcls-101,I,1463.0, 1470.08, 1415.84, 1367.58, 1364.18, 1357.22, 1355.41, 1339.12, 1341.48, 1367.18, 1374.31, 1364.89, 1376.41, 1398.18, 1416.12, 1409.62, 1406.0
,ND,0.0, 0.0657, 0.131, 0.197, 0.263, 0.328, 0.394, 0.46, 0.525, 0.591, 0.657, 0.722, 0.788, 0.853, 0.919, 0.985, 1.0
hcls-39,I,1609.0, 1566.86, 1437.56, 1404.56, 1425.52, 1431.56, 1425.7, 1408.54, 1421.13, 1461.31, 1485.71, 1455.13, 1407.29, 1385.97, 1414.75, 1414.45, 1403.01, 1436.61, 1478.15, 1545.75, 1596.0
,ND,0.0, 0.0502, 0.1, 0.151, 0.201, 0.251, 0.301, 0.351, 0.402, 0.452, 0.502, 0.552, 0.602, 0.652, 0.703, 0.753, 0.803, 0.853, 0.903, 0.954, 1.0
